Household composition,Total households - household composition
9999,1653792
  01,64257
    100100,630
    100200,774
    100300,60
    100400,465
    100500,390
    100600,390
    100700,765
    100800,1116
    100900,330
    101000,285
    101100,855
    101200,330
    101300,423
    101400,276
    101500,267
    101600,294
    101700,285
    101800,465
    101900,405
    102000,333
    102100,444
    102200,744
    102300,435
    102400,531
    102500,288
    102600,600
    102700,318
    102800,819
    102900,504
    103000,1047
    103100,978
    103200,408
    103300,522
    103400,462
    103500,1287
    103600,222
    103700,393
    103800,339
    103900,561
    104000,168
    104100,441
    104200,267
    104300,495
    104400,255
    104500,432
    104600,426
    104700,249
    104800,627
    104900,858
    105000,15
    105100,999
    105200,516
    105300,588
    105400,1191
    105500,726
    105600,657
    105700,333
    105800,897
    105900,1164
    106000,615
    106100,1044
    106200,1059
    106300,735
    106400,585
    106500,1374
    106600,1389
    106700,459
    106800,1083
    106900,1206
    107000,1095
    107100,375
    107200,813
    107300,975
    107400,579
    107500,840
    107600,468
    107700,444
    107800,879
    107900,36
    108000,540
    108100,633
    108200,912
    108300,888
    108400,3
    108500,918
    108600,738
    108700,843
    108800,960
    108900,570
    109000,1113
    109100,1383
    109200,672
    109300,1812
    109400,948
    109500,687
    109600,450
    109700,747
    109800,819
    109900,849
    110000,0
    110100,387
    258200,3
    258300,0
    258400,0
  02,496458
    110200,522
    110300,0
    110400,1275
    110500,654
    110600,6
    110700,903
    110800,630
    110900,546
    111000,0
    111100,960
    111200,1242
    111300,1125
    111400,393
    111500,783
    111600,792
    111700,1380
    111800,531
    111900,498
    112000,9
    112100,612
    112200,375
    112300,498
    112400,993
    112500,507
    112600,555
    112700,1569
    112800,558
    112900,1371
    113000,1449
    113100,1113
    113200,471
    113300,672
    113400,549
    113500,486
    113600,705
    113700,0
    113800,90
    113900,789
    114000,1533
    114100,666
    114200,426
    114300,63
    114400,1113
    114500,444
    114600,936
    114700,528
    114800,432
    114900,1350
    115000,1110
    115100,1002
    115200,882
    115300,372
    115400,723
    115500,744
    115600,522
    115700,987
    115800,1356
    115900,864
    116000,561
    116100,594
    116200,1041
    116300,297
    116400,525
    116500,414
    116600,639
    116700,1053
    116800,1428
    116900,1101
    117000,1263
    117100,426
    117200,1524
    117300,162
    117400,882
    117500,1092
    117600,1098
    117700,1080
    117800,567
    117900,1299
    118000,657
    118100,1143
    118200,1335
    118300,1146
    118400,1107
    118500,1155
    118600,276
    118700,936
    118800,15
    118900,1101
    119000,960
    119100,912
    119200,399
    119300,0
    119400,600
    119500,822
    119600,564
    119700,642
    119800,1272
    119900,738
    120000,732
    120100,207
    120200,1413
    120300,1371
    120400,1122
    120500,966
    120600,930
    120700,825
    120800,900
    120900,864
    121000,1134
    121100,750
    121200,831
    121300,903
    121400,741
    121500,975
    121600,1095
    121700,402
    121800,1224
    121900,1245
    122000,699
    122100,966
    122200,957
    122300,1065
    122400,1209
    122500,891
    122600,759
    122700,1029
    122800,1299
    122900,1329
    123000,1149
    123100,1026
    123200,1080
    123300,1221
    123400,1224
    123500,45
    123600,1158
    123700,1563
    123800,954
    123900,1116
    124000,1308
    124100,396
    124200,732
    124300,1173
    124400,1557
    124500,1101
    124600,702
    124700,486
    124800,1227
    124900,936
    125000,765
    125100,24
    125200,1641
    125300,945
    125400,1203
    125500,1104
    125600,1110
    125700,750
    125800,1068
    125900,822
    126000,933
    126100,801
    126200,1293
    126300,1134
    126400,1221
    126500,1059
    126600,1872
    126700,1173
    126800,1128
    126900,1281
    127000,1353
    127100,744
    127200,405
    127300,843
    127400,1080
    127500,558
    127600,735
    127700,1074
    127800,519
    127900,930
    128000,447
    128100,756
    128200,1116
    128300,1230
    128400,885
    128500,1146
    128600,558
    128700,3
    128800,1434
    128900,1383
    129000,699
    129100,1449
    129200,1464
    129300,1056
    129400,1038
    129500,843
    129600,1137
    129700,1233
    129800,756
    129900,1569
    130000,717
    130100,1092
    130200,978
    130300,1074
    130400,804
    130500,768
    130600,1209
    130700,1428
    130800,801
    130900,1386
    131000,684
    131100,1149
    131200,1281
    131300,630
    131400,615
    131500,1254
    131600,1035
    131700,1095
    131800,1920
    131900,801
    132000,1431
    132100,1110
    132200,1323
    132300,1044
    132400,981
    132500,1203
    132600,1017
    132700,1230
    132800,1281
    132900,1017
    133000,1275
    133100,966
    133200,981
    133300,1107
    133400,1551
    133500,747
    133600,1320
    133700,1071
    133800,759
    133900,192
    134000,789
    134100,879
    134200,1113
    134300,1074
    134400,1131
    134500,1458
    134600,882
    134700,1041
    134800,63
    134900,1011
    135000,1284
    135100,1407
    135200,726
    135300,1209
    135400,1065
    135500,1011
    135600,909
    135700,450
    135800,903
    135900,531
    136000,1803
    136100,558
    136200,579
    136300,1284
    136400,1626
    136500,1554
    136600,885
    136700,1404
    136800,654
    136900,744
    137000,807
    137100,780
    137200,1170
    137300,645
    137400,1395
    137500,843
    137600,729
    137700,228
    137800,1311
    137900,870
    138000,1188
    138100,1050
    138200,1161
    138300,1260
    138400,1101
    138500,1608
    138600,657
    138700,996
    138800,9
    138900,1356
    139000,996
    139100,612
    139200,1050
    139300,960
    139400,927
    139500,804
    139600,861
    139700,1317
    139800,1323
    139900,1266
    140000,1368
    140100,1023
    140200,1170
    140300,987
    140400,933
    140500,1215
    140600,702
    140700,630
    140800,1206
    140900,1386
    141000,1296
    141100,1677
    141200,504
    141300,984
    141400,0
    141500,768
    141600,996
    141700,777
    141800,1707
    141900,948
    142000,1263
    142100,1068
    142200,1365
    142300,900
    142400,930
    142500,618
    142600,816
    142700,1350
    142800,1680
    142900,696
    143000,1494
    143100,1296
    143200,999
    143300,1122
    143400,1065
    143500,1497
    143600,843
    143700,1020
    143800,1212
    143900,804
    144000,1407
    144100,1305
    144200,51
    144300,1332
    144400,1107
    144500,1035
    144600,606
    144700,1212
    144800,894
    144900,702
    145000,1272
    145100,1470
    145200,879
    145300,1278
    145400,51
    145500,369
    145600,1128
    145700,723
    145800,915
    145900,297
    146000,726
    146100,1152
    146200,1356
    146300,1323
    146400,1023
    146500,795
    146600,885
    146700,72
    146800,1002
    146900,513
    147000,1167
    147100,1185
    147200,1425
    147300,0
    147400,39
    147500,996
    147600,789
    147700,0
    147800,981
    147900,150
    148000,765
    148100,1149
    148200,633
    148300,609
    148400,846
    148500,465
    148600,636
    148700,771
    148800,651
    148900,837
    149000,1410
    149100,690
    149200,1185
    149300,972
    149400,690
    149500,720
    149600,3
    149700,1287
    149800,1008
    149900,1107
    150000,690
    150100,258
    150200,750
    150300,1083
    150400,1317
    150500,834
    150600,1365
    150700,918
    150800,711
    150900,594
    151000,711
    151100,513
    151200,678
    151300,1575
    151400,966
    151500,1059
    151600,765
    151700,435
    151800,846
    151900,1017
    152000,1188
    152100,747
    152200,900
    152300,108
    152400,1317
    152500,549
    152600,378
    152700,0
    152800,789
    152900,780
    153000,462
    153100,873
    153200,354
    153300,864
    153400,1452
    153500,666
    153600,453
    153700,939
    153800,1392
    153900,714
    154000,1320
    154100,900
    154200,1155
    154300,933
    154400,570
    154500,795
    154600,3
    154700,777
    154800,1233
    154900,1545
    155000,1074
    155100,780
    155200,759
    155300,576
    155400,930
    155500,384
    155600,1125
    155700,741
    155800,843
    155900,906
    156000,69
    156100,645
    156200,1122
    156300,813
    156400,972
    156500,1083
    156600,675
    156700,618
    156800,462
    156900,1014
    157000,699
    157100,972
    157200,456
    157300,579
    157400,831
    157500,855
    157600,84
    157700,924
    157800,882
    157900,1014
    158000,762
    158100,1197
    158200,699
    158300,864
    158400,915
    158500,1143
    158600,168
    158700,741
    158800,771
    158900,399
    159000,741
    159100,819
    159200,1014
    159300,1107
    159400,540
    159500,720
    159600,675
    159700,525
    159800,519
    159900,738
    160000,828
    160100,948
    160200,1143
    160300,900
    160400,1059
    160500,813
    160600,1047
    160700,993
    160800,726
    160900,1011
    161000,684
    161100,1290
    161200,573
    161300,834
    161400,936
    161500,726
    161600,660
    161700,12
    161800,804
    161900,747
    162000,720
    162100,1191
    162200,390
    162300,426
    162400,741
    162500,783
    162600,405
    162700,765
    162800,642
    162900,507
    163000,1293
    163100,1032
    163200,1191
    163300,750
    163400,642
    163500,1095
    163600,789
    163700,1113
    163800,765
    163900,825
    164000,903
    164100,51
    164200,792
    164300,360
    164400,960
    164500,873
    164600,927
    164700,471
    164800,609
    164900,348
    165000,480
    165100,663
    165200,444
    165300,1542
    165400,855
    165500,1509
    165600,480
    165700,768
    165800,864
    165900,867
    166000,153
    166100,609
    166200,384
    166300,669
    166400,675
  03,162927
    166500,573
    166600,9
    166700,720
    166800,3
    166900,651
    167000,618
    167100,1653
    167200,717
    167300,189
    167400,474
    167500,207
    167600,930
    167700,471
    167800,1311
    167900,84
    168000,333
    168100,636
    168200,501
    168300,396
    168400,174
    168500,1821
    168600,360
    168700,447
    168800,495
    168900,576
    169000,537
    169100,687
    169200,1713
    169300,834
    169400,687
    169500,573
    169600,963
    169700,1047
    169800,339
    169900,531
    170000,1035
    170100,552
    170200,564
    170300,597
    170400,330
    170500,792
    170600,504
    170700,582
    170800,477
    170900,705
    171000,0
    171100,603
    171200,822
    171300,324
    171400,948
    171500,1659
    171600,1251
    171700,645
    171800,915
    171900,753
    172000,495
    172100,894
    172200,573
    172300,549
    172400,711
    172500,165
    172600,198
    172700,228
    172800,870
    172900,318
    173000,504
    173100,696
    173200,1299
    173300,759
    173400,678
    173500,567
    173600,486
    173700,477
    173800,624
    173900,1848
    174000,1086
    174100,1029
    174200,747
    174300,429
    174400,432
    174500,468
    174600,471
    174700,378
    174800,423
    174900,1326
    175000,1785
    175100,288
    175200,66
    175300,948
    175400,183
    175500,849
    175600,240
    175700,714
    175800,1437
    175900,1446
    176000,825
    176100,1128
    176200,1497
    176300,36
    176400,945
    176500,984
    176600,864
    176700,576
    176800,960
    176900,855
    177000,960
    177100,1209
    177200,1395
    177300,813
    177400,981
    177500,639
    177600,813
    177700,1185
    177800,873
    177900,1476
    178000,1338
    178100,1398
    178200,1410
    178300,1107
    178400,693
    178500,1026
    178600,312
    178700,966
    178800,1122
    178900,231
    179000,90
    179100,942
    179200,189
    179300,1221
    179400,366
    179500,1344
    179600,1257
    179700,1305
    179800,633
    179900,1278
    180000,630
    180100,1029
    180200,1461
    180300,828
    180400,669
    180500,789
    180600,843
    180700,960
    180800,744
    180900,765
    181000,855
    181100,1059
    181200,957
    181300,138
    181400,507
    181500,570
    181600,465
    181700,417
    181800,531
    181900,432
    182000,252
    182100,489
    182200,411
    182300,240
    182400,171
    182500,810
    182600,564
    182700,1017
    182800,1071
    182900,417
    183000,522
    183100,318
    183200,438
    183300,387
    183400,480
    183500,642
    183600,720
    183700,624
    183800,855
    183900,759
    184000,669
    184100,180
    184200,897
    184300,582
    184400,741
    184500,180
    184600,591
    184700,144
    184800,819
    184900,303
    185000,294
    185100,0
    185200,393
    185300,549
    185400,393
    185500,1101
    185600,657
    185700,408
    185800,870
    185900,840
    186000,1626
    186100,543
    186200,678
    186300,294
    186400,729
    186500,732
    186600,804
    186700,372
    186800,1020
    186900,0
    187000,402
    187100,432
    187200,462
    187300,918
    187400,693
    187500,465
    187700,843
    187800,654
    187900,645
    188000,729
    188100,0
    188200,387
    188300,660
    188400,756
    188500,975
    188600,144
    188700,603
    188800,882
    188900,945
    189000,885
    189100,1017
    189200,855
    189300,834
    189400,444
    189500,0
    189600,258
    189700,1224
    197800,54
    201600,639
    201800,609
    258500,3
    258600,0
    258700,0
  04,110919
    189800,60
    190100,123
    190200,1029
    190300,738
    190400,291
    190500,1287
    190600,2034
    190700,0
    190800,78
    190900,1161
    191000,1314
    191100,279
    191200,744
    191300,717
    191400,678
    191500,408
    191600,606
    191700,825
    191800,663
    191900,1047
    192000,876
    192100,1746
    192200,0
    192300,408
    192400,327
    192500,1080
    192600,1131
    192700,0
    192800,1503
    192900,936
    193000,1326
    193100,1284
    193200,1818
    193300,1434
    193400,1083
    193500,1551
    193600,1011
    193700,1089
    193800,1092
    193900,132
    194000,1011
    194100,624
    194200,351
    194300,1104
    194400,777
    194500,60
    194600,1341
    194700,258
    194800,1968
    194900,1224
    195000,189
    195100,1200
    195200,1413
    195300,795
    195400,1656
    195500,987
    195600,456
    195700,261
    195800,1422
    195900,1068
    196000,1227
    196100,201
    196200,1695
    196300,504
    196400,1218
    196500,165
    196600,912
    196700,849
    196800,1068
    196900,1107
    197000,1086
    197100,1449
    197200,963
    197300,1071
    197400,1002
    197500,1137
    197600,1230
    197700,585
    197900,540
    198000,402
    198100,651
    198200,558
    198300,0
    198400,564
    198500,348
    198600,660
    198700,660
    198800,687
    198900,597
    199000,705
    199100,819
    199200,939
    199300,39
    199400,639
    199500,684
    199600,705
    199700,723
    199800,378
    199900,522
    200000,597
    200100,228
    200200,561
    200300,894
    200400,348
    200500,1143
    200600,717
    200700,606
    200800,831
    200900,1011
    201000,462
    201100,102
    201200,693
    201300,288
    201400,1011
    201500,1179
    201700,690
    201900,381
    202000,618
    202100,405
    202200,546
    202300,756
    202400,465
    202500,579
    202600,1080
    202700,1320
    202800,1245
    202900,1050
    203000,546
    203100,432
    203200,1350
    203300,0
    203400,498
    203500,651
    203600,549
    203700,1158
    203800,30
    203900,1314
    204000,0
    204100,603
    204200,579
    204300,396
    204400,1143
    204500,408
    204600,93
    258800,0
    258900,12
  05,16410
    204700,462
    204800,675
    204900,405
    205000,348
    205100,534
    205200,660
    205300,399
    205400,1035
    205500,537
    205600,345
    205700,465
    205800,720
    205900,477
    206000,843
    206100,765
    206200,447
    206300,630
    206400,774
    206500,543
    206600,678
    206700,807
    206800,153
    206900,738
    207000,948
    207100,711
    207200,696
    207300,624
    259200,0
  06,60237
    189900,30
    207400,405
    207500,0
    207600,324
    207700,255
    207800,1548
    207900,456
    208000,708
    208100,468
    208200,480
    208300,915
    208400,429
    208500,225
    208600,267
    208700,492
    208800,654
    208900,51
    209000,768
    209100,723
    209200,753
    209300,93
    209400,987
    209500,660
    209600,771
    209700,954
    209800,846
    209900,1014
    210000,1149
    210100,90
    210200,669
    210300,708
    210400,417
    210500,165
    210600,882
    210700,912
    210800,777
    210900,960
    211000,1041
    211100,957
    211200,402
    211300,747
    211400,480
    211500,741
    211600,216
    211700,972
    211800,978
    211900,1143
    212000,357
    212100,618
    212200,495
    212300,762
    212400,255
    212500,495
    212600,498
    212700,0
    212800,123
    212900,510
    213000,651
    213100,867
    213200,1026
    213300,1092
    213400,1179
    213500,765
    213600,615
    213700,1143
    213800,651
    213900,735
    214000,633
    214100,582
    214200,648
    214300,126
    214400,837
    214500,837
    214600,930
    214700,786
    214800,630
    214900,1152
    215000,1245
    215100,1029
    215200,996
    215300,984
    215400,891
    215500,336
    215600,867
    215700,843
    215800,1026
    215900,900
    216000,729
    216100,714
    226200,6
    259400,0
    259500,0
    259800,0
  07,45249
    216200,3
    216300,1416
    216400,330
    216500,558
    216600,792
    216700,687
    216800,975
    216900,1020
    217000,525
    217100,591
    217200,939
    217300,1038
    217400,1803
    217500,1458
    217600,996
    217700,27
    217800,1206
    217900,870
    218000,1131
    218100,1182
    218200,264
    218300,1215
    218400,1383
    218500,1536
    218600,1080
    218700,1200
    218800,276
    218900,1077
    219000,615
    219100,702
    219200,309
    219300,624
    219400,744
    219500,765
    219600,1404
    219700,210
    219800,564
    219900,240
    220000,510
    220100,756
    220300,873
    220400,693
    220500,774
    220600,456
    220700,570
    220800,471
    220900,612
    221000,801
    221100,450
    221200,285
    221300,654
    221400,597
    221500,207
    221600,726
    221700,588
    221800,765
    221900,1083
    222000,276
    222100,834
    222200,525
    259000,0
    259100,0
  08,90408
    187600,18
    190000,0
    220200,54
    222300,423
    222400,474
    222500,633
    222600,624
    222700,555
    222800,411
    222900,492
    223000,339
    223100,450
    223200,219
    223300,429
    223400,492
    223500,525
    223600,636
    223700,687
    223800,651
    223900,144
    224000,735
    224100,456
    224200,930
    224300,1098
    224400,675
    224500,627
    224600,852
    224700,54
    224800,906
    224900,636
    225000,474
    225100,921
    225200,648
    225300,1038
    225400,705
    225500,951
    225600,567
    225700,267
    225800,792
    225900,900
    226000,267
    226100,657
    226300,435
    226400,510
    226500,684
    226600,381
    226700,1239
    226800,315
    226900,798
    227000,693
    227100,522
    227200,744
    227300,474
    227400,540
    227500,750
    227600,459
    227700,177
    227800,465
    227900,1062
    228000,873
    228100,1098
    228200,684
    228300,969
    228400,354
    228500,786
    228600,666
    228700,567
    228800,666
    228900,108
    229000,894
    229100,693
    229200,147
    229300,1074
    229400,570
    229500,1014
    229600,1251
    229700,87
    229800,975
    229900,918
    230000,834
    230100,912
    230200,870
    230300,894
    230400,750
    230500,1053
    230600,405
    230700,1242
    230800,1281
    230900,537
    231000,885
    231100,780
    231200,1131
    231300,1224
    231400,666
    231500,999
    231600,762
    231700,921
    231800,1173
    231900,21
    232000,642
    232100,372
    232200,1074
    232300,711
    232400,237
    232500,414
    232600,243
    232700,1098
    232800,615
    232900,486
    233000,678
    233100,648
    233200,885
    233300,1293
    233400,228
    233500,225
    233600,1053
    233700,597
    233800,285
    234000,348
    234100,822
    234200,537
    234300,723
    234400,882
    234500,321
    234600,633
    234700,453
    234800,825
    234900,960
    235000,567
    235100,681
    235200,537
    235300,447
    235400,537
    235500,921
    235600,762
    235700,561
    235800,651
    235900,522
    236000,372
    236100,168
    259300,0
    259900,0
  09,185382
    233900,3
    236200,0
    236300,765
    236400,255
    236500,1416
    236600,585
    236700,396
    236800,1386
    236900,246
    237000,1482
    237100,1017
    237200,900
    237300,1110
    237400,306
    237500,1449
    237600,1968
    237700,297
    237800,1695
    237900,486
    238000,1155
    238100,960
    238200,0
    238300,948
    238400,801
    238500,1416
    238600,711
    238700,0
    238800,705
    238900,135
    239000,840
    239100,981
    239200,1266
    239300,696
    239400,312
    239500,624
    239600,726
    239700,0
    239800,972
    239900,33
    240000,759
    240100,1062
    240200,927
    240300,804
    240400,1059
    240500,681
    240600,1482
    240700,915
    240800,1044
    240900,465
    241000,933
    241100,414
    241200,237
    241300,582
    241400,930
    241500,1275
    241600,891
    241700,780
    241800,1266
    241900,1230
    242000,1218
    242100,1041
    242200,441
    242300,681
    242400,1047
    242500,990
    242600,1125
    242700,351
    242800,708
    242900,864
    243000,213
    243100,111
    243200,1401
    243300,540
    243400,1002
    243500,723
    243600,936
    243700,339
    243800,414
    243900,135
    244000,1056
    244100,933
    244200,936
    244300,396
    244400,1035
    244500,702
    244600,1017
    244700,1569
    244800,1143
    244900,1182
    245000,1047
    245100,1167
    245200,939
    245300,660
    245400,1158
    245500,849
    245600,1095
    245700,66
    245800,645
    245900,816
    246000,1590
    246100,1164
    246200,855
    246300,618
    246400,900
    246500,0
    246600,891
    246700,813
    246800,228
    246900,1200
    247000,1233
    247100,609
    247200,1089
    247300,1035
    247400,912
    247500,321
    247600,1053
    247700,1152
    247800,1089
    247900,1017
    248000,726
    248100,1221
    248200,96
    248300,1188
    248400,1149
    248500,561
    248600,1113
    248700,1029
    248800,954
    248900,1056
    249000,591
    249100,639
    249200,624
    249300,735
    249400,1659
    249500,1359
    249600,1173
    249700,1380
    249800,546
    249900,933
    250000,978
    250100,876
    250200,723
    250300,1398
    250400,1539
    250500,663
    250600,1230
    250700,387
    250800,1317
    250900,1860
    251000,273
    251100,765
    251200,1410
    251300,396
    251400,1269
    251500,801
    251600,1629
    251700,1362
    251800,831
    251900,1098
    252000,1647
    252100,1146
    252200,645
    252300,666
    252400,882
    252500,1785
    252600,747
    252700,687
    252800,1221
    252900,678
    253000,1269
    253100,1488
    253200,432
    253300,1554
    253400,564
    253500,585
    253600,1404
    253700,1065
    253800,1185
    253900,492
    254000,1239
    254100,465
    254200,807
    254300,1029
    254400,783
    254500,432
    254600,594
    254700,648
    254800,1080
    254900,1257
    255000,24
    255100,1350
    255200,819
    255300,348
    255400,438
    255500,435
    255600,654
    255700,924
    255800,645
    255900,267
    256000,651
    256100,810
    256200,1317
    256300,1041
    256400,909
    256500,555
    256600,387
    256700,540
    256800,669
    256900,1095
    257000,429
    257100,1119
    257200,333
    257300,522
    257400,396
    257500,1035
    257600,0
    257700,1044
    257800,594
    257900,741
    259600,0
    259700,0
  16,19545
    300200,0
    300300,975
    300400,0
    300500,552
    300600,597
    300700,435
    300800,591
    300900,723
    301000,597
    301100,987
    301200,783
    301300,1206
    301400,0
    301500,678
    301600,1182
    301700,972
    301800,564
    301900,0
    302000,45
    302100,402
    302200,261
    302300,864
    302400,321
    302500,465
    302600,744
    302700,327
    302800,732
    302900,951
    303000,210
    303100,867
    303200,687
    303300,1005
    303400,678
    303500,144
  17,19821
    303600,657
    303700,54
    303800,444
    303900,9
    304000,33
    304100,1206
    304200,768
    304300,1131
    304400,927
    304500,1011
    304600,1149
    304700,228
    304800,1263
    304900,615
    305000,717
    305100,1236
    305200,558
    305300,1008
    305400,867
    305500,558
    305600,885
    305700,27
    305800,1041
    305900,1311
    306000,1095
    306100,288
    306200,735
    363500,0
  18,18675
    306300,816
    306400,9
    306500,825
    306600,741
    306700,609
    306800,1341
    306900,477
    307000,594
    307100,909
    307200,456
    307300,720
    307400,381
    307500,1245
    307600,1017
    307700,660
    307800,1077
    307900,453
    308000,852
    308100,993
    308200,1083
    308300,1017
    308400,1149
    308500,150
    308600,1098
    308700,0
    363600,0
  12,13503
    309000,381
    309100,0
    309200,858
    309300,498
    309400,1140
    309500,447
    309600,225
    309700,402
    309800,447
    309900,411
    310000,519
    310100,666
    310200,375
    310300,402
    310400,486
    310500,495
    310600,408
    310700,513
    310800,285
    310900,342
    311000,276
    311100,186
    311200,144
    311300,477
    311400,522
    311500,1305
    311600,0
    311700,570
    311800,213
    311900,276
    312000,240
    363400,0
  13,225408
    308800,585
    308900,873
    312100,102
    312200,834
    312300,375
    312400,594
    312500,546
    312600,234
    312700,486
    312800,921
    312900,834
    313000,258
    313100,420
    313200,858
    313300,798
    313400,735
    313500,627
    313600,507
    313700,762
    313800,456
    313900,834
    314000,1062
    314100,573
    314200,774
    314300,459
    314400,15
    314500,876
    314600,1176
    314700,594
    314800,1056
    314900,855
    315000,276
    315100,333
    315200,318
    315300,984
    315400,936
    315500,471
    315600,402
    315700,792
    315800,351
    315900,1221
    316000,462
    316100,915
    316200,714
    316300,147
    316400,63
    316500,114
    316600,552
    316700,75
    316800,279
    316900,729
    317000,495
    317100,240
    317200,480
    317300,903
    317400,1371
    317500,399
    317600,381
    317700,933
    317800,1614
    317900,1560
    318000,1086
    318100,687
    318200,366
    318300,1104
    318400,258
    318500,534
    318600,990
    318700,942
    318800,807
    318900,663
    319000,804
    319100,135
    319200,1209
    319300,1182
    319400,741
    319500,930
    319600,1254
    319700,1197
    319800,486
    319900,1158
    320000,57
    320100,1128
    320200,1218
    320300,894
    320400,45
    320500,1014
    320600,1074
    320700,1041
    320800,1071
    320900,927
    321000,1410
    321100,1692
    321200,369
    321300,1137
    321400,1275
    321500,750
    321600,879
    321700,1158
    321800,942
    321900,765
    322000,477
    322100,918
    322200,1071
    322300,132
    322400,906
    322500,279
    322600,792
    322700,804
    322800,459
    322900,351
    323000,1284
    323100,1389
    323200,501
    323300,999
    323400,1479
    323500,69
    323600,420
    323700,1290
    323800,966
    323900,1182
    324000,873
    324100,249
    324200,21
    324300,885
    324400,1245
    324500,1251
    324600,978
    324700,183
    324800,1311
    324900,12
    325000,1089
    325100,1476
    325200,378
    325300,1863
    325400,1242
    325500,12
    325600,1236
    325700,501
    325800,1176
    325900,867
    326000,471
    326100,786
    326200,39
    326300,1236
    326400,3
    326500,918
    326600,111
    326700,1011
    326800,948
    326900,1251
    327000,846
    327100,174
    327200,1647
    327300,684
    327400,1200
    327500,894
    327600,1527
    327700,1218
    327800,678
    327900,2115
    328000,933
    328100,57
    328200,954
    328300,1113
    328400,1029
    328500,990
    328600,1392
    328700,645
    328800,72
    328900,1668
    329000,321
    329100,1473
    329200,1176
    329300,768
    329400,810
    329500,822
    329600,612
    329700,1128
    329800,903
    329900,849
    330000,780
    330100,1314
    330200,1431
    330300,1116
    330400,1086
    330500,921
    330600,897
    330700,27
    330800,1107
    330900,504
    331000,465
    331100,1284
    331200,849
    331300,1278
    331400,897
    331500,216
    331600,30
    331700,1287
    331800,390
    331900,873
    332000,1419
    332100,822
    332200,339
    332300,0
    332400,624
    332500,1269
    332600,0
    332700,1338
    332800,87
    332900,666
    333000,0
    333100,498
    333200,258
    333300,330
    333400,3
    333500,288
    333600,81
    333700,447
    333800,438
    333900,486
    334000,1053
    334100,474
    334200,627
    334300,333
    334400,585
    334500,1113
    334600,675
    334700,249
    334800,6
    334900,1188
    335000,729
    335100,1053
    335200,1440
    335300,864
    335400,906
    335500,1071
    335600,663
    335700,1497
    335800,513
    335900,564
    336000,924
    336100,1212
    336200,828
    336300,384
    336400,234
    336500,0
    336600,57
    336700,546
    336800,840
    336900,723
    337000,558
    337100,870
    337200,600
    337300,579
    337400,1008
    337500,813
    337600,576
    337700,378
    337800,852
    337900,489
    338000,66
    338100,447
    338200,897
    338300,756
    338400,789
    338500,1149
    338600,57
    338700,528
    338800,390
    338900,1173
    339000,687
    339100,696
    339200,558
    339300,957
    339400,522
    339500,462
    339600,954
    339700,603
    339800,411
    339900,633
    340000,951
    340100,723
    340200,648
    340300,735
    340400,963
    340500,510
    340600,912
    340700,1179
    340800,969
    340900,0
    341000,909
    341100,171
    341200,123
    341300,1053
    341400,642
    341500,375
    341600,0
    341700,0
    341800,609
    341900,501
    342000,378
    342100,327
    342200,279
    342300,243
    342400,396
    342500,237
    342600,441
    342700,600
    342800,765
    343100,324
    343200,0
    343300,399
    363800,0
  14,85665
    343400,681
    343500,501
    343600,585
    343700,789
    343800,411
    343900,981
    344000,1158
    344100,522
    344200,675
    344300,603
    344400,132
    344500,981
    344600,0
    344700,429
    344800,963
    344900,1116
    345000,993
    345100,441
    345200,252
    345300,612
    345400,528
    345500,1173
    345600,1158
    345700,693
    345800,750
    345900,162
    346000,177
    346100,3
    346200,282
    346300,0
    346400,309
    346500,0
    346600,765
    346700,816
    346800,669
    346900,687
    347000,543
    347100,444
    347200,426
    347300,144
    347400,354
    347500,483
    347600,3
    347700,390
    347800,861
    347900,993
    348000,234
    348100,261
    348200,441
    348300,603
    348400,1017
    348500,132
    348600,447
    348700,633
    348800,585
    348900,321
    349000,267
    349100,675
    349200,552
    349300,897
    349400,546
    349500,0
    349600,798
    349700,1032
    349800,1182
    349900,1236
    350000,1254
    350100,315
    350200,432
    350300,786
    350400,669
    350500,456
    350600,450
    350700,933
    350800,0
    350900,885
    351000,1725
    351100,1092
    351200,615
    351300,882
    351400,438
    351500,924
    351600,1158
    351700,633
    351800,594
    351900,528
    352000,729
    352100,870
    352200,867
    352300,783
    352400,426
    352500,441
    352600,948
    352700,630
    352800,528
    352900,582
    353000,480
    353100,345
    353200,420
    353300,1176
    353400,678
    353500,909
    353600,756
    353700,24
    353800,672
    353900,378
    354000,564
    354100,582
    354200,1029
    354300,45
    354400,732
    354500,783
    354600,558
    354700,1233
    354800,897
    354900,1029
    355000,621
    355100,483
    355200,1236
    355300,612
    355400,618
    355500,1092
    355600,894
    355700,750
    355800,909
    355900,513
    356000,465
    356100,570
    356200,780
    356300,579
    356400,861
    356500,1071
    356600,654
    356700,183
    356800,441
    356900,0
    363900,0
  15,38646
    357000,3
    357100,6
    357200,0
    357300,309
    357400,0
    357500,987
    357600,231
    357700,471
    357800,0
    357900,801
    358000,585
    358100,540
    358200,531
    358300,774
    358400,1071
    358500,414
    358600,1017
    358700,417
    358800,693
    358900,441
    359000,402
    359100,864
    359200,0
    359300,222
    359400,360
    359500,834
    359600,582
    359700,474
    359800,693
    359900,1119
    360000,594
    360100,105
    360200,606
    360300,243
    360400,660
    360500,594
    360600,1413
    360700,987
    360800,384
    360900,1119
    361000,462
    361100,942
    361200,753
    361300,555
    361400,798
    361500,1470
    361600,1479
    361700,1065
    361800,0
    361900,696
    362000,759
    362100,828
    362200,801
    362300,528
    362400,1092
    362500,951
    362600,456
    362700,501
    362800,498
    362900,867
    363000,570
    363100,246
    363200,0
    363300,780
    363700,3
  77,1653513
  99,276
    258000,0
    258100,0
    342900,0
    343000,276
    400001,0
    400002,0
    400003,0
    400004,0
    400005,0
    400006,0
    400007,0
    400008,0
    400009,0
    400010,0
    400011,0
    400012,0
    400013,0
    400014,0
    400015,0
    400016,0
