Number of dependent children,0,1,2,3,4
9999,1057458,213927,206733,74334,30195
1,41982,6963,6612,3066,1605
100100,387,60,54,24,18
100200,471,75,90,48,33
100300,30,0,0,0,0
100400,333,27,21,15,9
100500,228,45,33,30,9
100600,243,51,36,21,12
100700,459,102,81,48,33
100800,660,156,114,66,57
100900,201,45,24,18,9
101000,174,33,30,12,3
101100,648,60,60,27,6
101200,207,33,36,24,9
101300,282,33,30,21,9
101400,189,33,21,6,6
101500,198,15,15,18,6
101600,141,24,24,12,12
101700,198,27,18,9,6
101800,285,45,36,15,12
101900,234,51,36,15,12
102000,198,30,21,18,12
102100,285,39,30,15,15
102200,462,87,102,36,9
102300,252,69,54,27,6
102400,333,54,60,24,15
102500,156,45,51,15,3
102600,369,81,63,30,12
102700,171,30,18,24,18
102800,573,75,84,42,15
102900,339,39,27,18,9
103000,753,108,81,33,9
103100,663,99,93,39,18
103200,264,48,48,18,9
103300,342,39,48,18,6
103400,261,42,39,21,21
103500,669,150,156,99,90
103600,135,30,24,15,9
103700,261,30,45,12,15
103800,267,24,15,6,3
103900,405,39,27,12,6
104000,93,21,12,12,6
104100,261,42,48,27,21
104200,213,15,12,3,0
104300,396,36,24,3,3
104400,156,33,12,9,6
104500,213,69,48,36,33
104600,231,66,51,39,12
104700,144,36,30,9,21
104800,354,69,60,39,27
104900,555,111,81,39,24
105000,6,0,0,0,0
105100,585,132,150,78,24
105200,291,66,63,42,27
105300,366,63,84,39,9
105400,747,117,180,72,30
105500,453,87,105,42,12
105600,450,54,78,18,9
105700,210,36,48,24,3
105800,504,132,138,75,33
105900,852,111,126,42,15
106000,360,96,96,30,12
106100,735,114,108,39,21
106200,702,117,114,54,45
106300,492,84,93,33,15
106400,306,69,45,42,39
106500,885,153,171,87,45
106600,1056,138,102,24,18
106700,285,60,66,27,6
106800,834,102,75,33,15
106900,807,162,141,51,24
107000,786,132,99,36,18
107100,234,27,15,12,3
107200,576,93,69,33,9
107300,516,126,123,63,57
107400,315,69,72,48,27
107500,504,117,93,42,15
107600,294,51,63,30,6
107700,270,60,48,24,12
107800,576,105,120,33,12
107900,21,0,0,0,0
108000,327,63,81,24,15
108100,456,72,63,24,12
108200,597,123,111,39,21
108300,612,99,96,36,24
108500,630,81,111,48,9
108600,486,69,93,36,24
108700,582,90,99,30,9
108800,666,105,96,51,18
108900,405,54,51,27,3
109000,831,93,96,33,18
109100,948,141,111,54,36
109200,432,69,75,33,21
109300,1293,204,141,87,45
109400,663,81,78,33,21
109500,459,42,60,33,18
109600,285,48,60,27,15
109700,459,81,69,36,18
109800,549,96,78,27,12
109900,651,72,66,24,0
110100,279,33,42,12,0
2,292494,76341,70512,22953,10137
110200,336,75,51,30,9
110400,813,150,150,51,24
110500,414,78,78,45,15
110700,513,114,120,48,6
110800,345,99,102,33,12
110900,345,63,75,30,6
111100,675,90,108,30,15
111200,756,144,195,60,21
111300,753,120,138,51,15
111400,300,30,36,12,0
111500,594,57,63,24,6
111600,450,99,132,54,21
111700,987,129,138,57,18
111800,303,24,24,6,6
111900,384,24,36,9,3
112100,372,66,78,21,12
112200,222,45,48,21,9
112300,288,66,66,36,6
112400,591,135,138,63,15
112500,297,57,72,33,9
112600,291,87,96,36,6
112700,1164,147,171,54,6
112800,348,69,81,27,6
112900,1098,108,102,27,9
113000,1152,111,87,24,9
113100,519,189,279,81,21
113200,237,78,72,24,12
113300,255,123,195,57,12
113400,306,87,63,36,6
113500,291,57,78,18,3
113600,360,123,132,45,15
113800,60,9,6,3,0
113900,561,75,108,21,12
114000,1005,156,210,63,21
114100,396,96,105,33,9
114200,231,60,84,27,9
114300,48,0,0,0,0
114400,747,126,156,42,15
114500,240,75,75,27,6
114600,507,162,159,51,15
114700,321,84,57,30,6
114800,246,66,66,21,3
114900,816,201,201,54,18
115000,594,192,219,63,9
115100,636,165,108,51,9
115200,588,111,105,39,9
115300,198,54,69,15,6
115400,492,93,93,27,3
115500,438,93,120,51,9
115600,306,84,60,30,6
115700,522,177,207,42,15
115800,885,189,174,51,15
115900,402,162,207,48,6
116000,360,81,75,27,6
116100,348,84,78,24,9
116200,660,147,132,42,9
116300,168,48,39,15,3
116400,315,54,72,33,6
116500,192,96,93,15,3
116600,351,108,99,39,15
116700,603,198,168,24,6
116800,810,246,252,63,18
116900,636,198,192,45,9
117000,768,174,174,57,15
117100,237,63,57,18,12
117200,927,228,246,63,9
117300,114,18,6,0,3
117400,534,135,144,39,9
117500,615,192,189,51,12
117600,636,186,210,27,9
117700,651,171,180,39,3
117800,294,123,105,21,6
117900,762,189,240,63,9
118000,366,90,111,30,3
118100,708,195,168,33,6
118200,759,234,222,69,18
118300,795,153,105,24,6
118400,480,261,267,54,12
118500,567,255,228,48,9
118600,207,33,21,6,0
118700,513,180,162,51,3
118800,6,3,3,0,0
118900,591,174,231,66,9
119000,561,147,165,48,9
119100,399,198,216,60,12
119200,249,54,63,18,0
119400,324,87,129,33,6
119500,462,138,141,48,9
119600,360,84,60,27,9
119700,441,90,66,21,6
119800,633,246,195,84,42
119900,465,132,108,18,6
120000,459,105,108,39,3
120100,129,33,24,3,3
120200,846,258,237,33,6
120300,819,216,216,66,18
120400,684,198,168,36,9
120500,576,156,159,39,9
120600,414,195,141,57,33
120700,474,135,153,33,6
120800,510,150,171,36,3
120900,453,159,135,48,18
121000,624,195,195,48,18
121100,444,111,93,36,12
121200,447,162,141,36,12
121300,432,201,192,36,9
121400,411,135,117,36,15
121500,567,171,147,42,6
121600,630,183,162,39,27
121700,207,63,63,15,12
121800,726,186,192,54,15
121900,735,231,162,39,9
122000,366,138,111,45,9
122100,546,189,159,27,9
122200,543,138,186,54,6
122300,558,186,159,63,42
122400,621,219,210,81,30
122500,453,147,129,60,39
122600,408,138,147,42,9
122700,591,183,159,42,9
122800,717,240,207,66,27
122900,681,243,183,72,48
123000,582,192,174,66,60
123100,663,174,126,21,9
123200,570,192,186,63,21
123300,693,237,192,54,6
123400,696,231,189,48,18
123500,24,6,9,0,0
123600,633,231,207,48,6
123700,951,234,267,60,9
123800,480,168,159,60,36
123900,675,162,192,45,9
124000,816,222,174,33,9
124100,246,45,45,15,3
124200,366,120,114,54,36
124300,585,219,168,72,48
124400,846,291,267,72,18
124500,615,174,174,72,24
124600,378,168,96,24,12
124700,282,81,75,18,6
124800,633,198,234,78,15
124900,492,168,129,57,39
125000,342,168,153,48,27
125100,12,3,3,0,0
125200,1044,240,228,51,6
125300,561,159,138,45,15
125400,801,204,138,30,3
125500,669,198,138,39,3
125600,699,189,126,48,9
125700,408,138,108,33,18
125800,642,162,189,36,9
125900,636,75,72,15,3
126000,522,174,168,39,9
126100,456,135,138,42,6
126200,783,195,213,54,12
126300,687,186,180,45,12
126400,684,210,189,42,21
126500,690,165,123,30,3
126600,1323,231,210,30,6
126700,690,180,159,51,18
126800,888,78,60,18,3
126900,696,231,216,63,27
127000,795,228,186,54,30
127100,495,90,78,21,18
127200,318,36,15,3,0
127300,540,111,132,27,6
127400,693,126,168,51,3
127500,459,36,15,6,3
127600,453,102,105,24,9
127700,615,207,144,42,24
127800,234,108,81,39,27
127900,612,132,99,30,12
128000,297,57,45,15,6
128100,519,105,81,18,6
128200,705,144,171,57,9
128300,618,225,174,87,36
128400,507,150,117,27,27
128500,657,198,171,45,30
128600,390,72,60,21,3
128800,870,207,240,72,15
128900,774,231,180,72,48
129000,309,159,108,51,21
129100,786,270,186,75,45
129200,936,171,216,54,12
129300,603,165,192,54,6
129400,600,162,159,48,6
129500,486,135,120,33,24
129600,582,204,165,69,33
129700,864,114,123,66,9
129800,405,117,162,48,6
129900,912,225,309,78,12
130000,414,96,126,42,12
130100,582,201,162,60,21
130200,738,69,60,24,0
130300,636,135,204,57,6
130400,468,135,132,36,6
130500,384,135,111,51,24
130600,678,195,195,60,30
130700,861,183,258,84,12
130800,447,126,99,42,18
130900,747,273,189,69,33
131000,339,132,102,39,24
131100,744,174,132,33,21
131200,924,162,126,24,3
131300,480,30,6,0,0
131400,363,78,123,39,9
131500,717,198,201,48,21
131600,669,129,135,48,6
131700,615,183,144,60,36
131800,1533,153,108,27,0
131900,456,135,144,33,15
132000,876,240,189,42,21
132100,726,126,144,42,9
132200,756,213,213,81,18
132300,642,189,117,36,21
132400,792,72,27,3,0
132500,681,195,222,60,21
132600,636,177,111,33,12
132700,933,84,18,3,3
132800,891,156,126,42,9
132900,594,189,132,33,9
133000,822,138,195,63,12
133100,663,117,90,36,15
133200,702,42,15,0,0
133300,873,93,39,6,0
133400,1251,126,54,6,0
133500,579,57,45,9,3
133600,909,180,138,33,6
133700,822,30,9,0,0
133800,606,45,12,3,0
133900,141,30,9,3,0
134000,519,96,117,30,3
134100,714,24,12,3,0
134200,645,171,198,51,18
134300,912,51,30,3,0
134400,798,150,102,24,12
134500,1179,66,12,3,0
134600,453,147,204,54,9
134700,579,150,219,51,15
134800,54,3,0,0,0
134900,603,159,132,39,18
135000,789,216,162,48,21
135100,1170,51,9,3,0
135200,444,114,114,30,12
135300,984,63,15,0,0
135400,606,171,180,66,15
135500,624,183,111,30,21
135600,561,162,111,21,12
135700,375,30,18,3,0
135800,582,141,87,24,3
135900,351,21,6,0,0
136000,1509,120,33,6,3
136100,453,45,27,6,3
136200,405,51,81,27,3
136300,768,198,189,66,12
136400,1299,153,84,18,3
136500,885,285,240,57,15
136600,489,171,123,36,24
136700,843,186,264,60,9
136800,372,117,93,33,15
136900,510,87,90,24,3
137000,489,144,108,24,6
137100,402,153,93,42,39
137200,690,198,180,48,27
137300,399,93,105,30,3
137400,1029,159,108,39,12
137500,474,123,156,54,3
137600,426,120,132,24,6
137700,168,39,6,3,0
137800,987,159,102,33,6
137900,441,144,120,66,48
138000,813,120,138,39,15
138100,648,129,177,51,12
138200,699,186,168,42,12
138300,684,213,192,63,36
138400,666,147,177,60,12
138500,1197,219,114,27,3
138600,390,105,102,30,3
138700,612,186,117,33,9
138900,834,234,180,48,9
139000,627,132,129,48,15
139100,351,84,75,33,33
139200,750,120,120,24,9
139300,567,126,186,48,9
139400,585,135,132,45,15
139500,510,129,93,24,12
139600,489,165,129,33,12
139700,876,192,153,24,21
139800,822,207,177,42,24
139900,768,192,198,51,6
140000,813,198,237,75,12
140100,681,129,111,42,15
140200,666,219,183,51,12
140300,582,189,141,30,6
140400,546,174,105,42,18
140500,696,183,246,57,9
140600,390,117,99,42,27
140700,348,81,84,39,36
140800,645,237,207,63,12
140900,849,237,198,39,21
141000,798,222,171,69,15
141100,1227,204,165,48,9
141200,348,69,54,12,0
141300,660,135,117,33,9
141500,495,126,93,18,6
141600,639,132,141,57,6
141700,528,99,90,30,9
141800,1200,183,216,69,9
141900,537,132,186,60,12
142000,891,159,117,36,12
142100,666,177,141,33,12
142200,807,258,213,48,9
142300,471,150,117,69,45
142400,555,132,168,54,9
142500,390,102,81,18,6
142600,561,120,87,27,6
142700,924,147,198,60,6
142800,1131,261,186,45,15
142900,384,150,102,27,15
143000,1029,165,201,66,9
143100,816,180,186,54,6
143200,657,132,141,45,9
143300,753,153,153,33,6
143400,735,165,99,18,12
143500,921,210,237,63,12
143600,525,120,111,42,12
143700,657,144,153,42,3
143800,759,180,186,39,9
143900,504,138,117,24,3
144000,702,207,339,111,18
144100,831,186,174,45,12
144200,39,6,3,0,3
144300,810,219,183,51,18
144400,672,183,186,45,9
144500,651,168,150,30,6
144600,444,60,48,12,6
144700,597,228,186,72,66
144800,573,159,126,21,6
144900,423,114,123,18,6
145000,873,180,135,33,12
145100,843,243,261,72,18
145200,480,135,114,60,54
145300,825,141,93,21,9
145400,39,3,0,0,0
145500,261,45,24,6,0
145600,687,183,159,39,21
145700,462,105,117,15,0
145800,420,177,141,69,60
145900,186,36,21,6,0
146000,450,123,90,33,0
146100,690,153,174,60,27
146200,825,222,171,51,15
146300,678,201,156,111,90
146400,615,150,168,45,9
146500,456,150,99,33,15
146600,522,132,132,33,24
146700,54,6,3,0,0
146800,594,153,126,57,24
146900,381,45,57,9,0
147000,636,183,144,84,60
147100,813,162,108,33,21
147200,882,246,165,54,21
147400,27,9,3,0,0
147500,504,186,144,57,39
147600,528,105,93,27,6
147800,618,150,150,42,3
147900,72,18,12,9,9
148000,462,114,129,27,0
148100,672,198,186,45,12
148200,282,108,87,51,45
148300,315,135,93,27,6
148400,498,120,162,33,12
148500,159,69,78,51,54
148600,228,117,102,57,72
148700,540,93,66,24,6
148800,315,141,141,36,6
148900,282,141,117,75,102
149000,843,240,180,57,21
149100,405,132,78,21,21
149200,729,192,186,42,15
149300,492,204,183,48,12
149400,270,144,105,60,72
149500,366,123,99,42,39
149700,645,294,234,51,21
149800,561,162,153,42,21
149900,777,117,117,48,18
150000,201,105,96,78,99
150100,150,42,30,12,12
150200,270,126,114,78,72
150300,573,210,129,66,72
150400,714,243,216,63,21
150500,426,168,147,42,12
150600,822,210,228,57,9
150700,432,213,186,39,15
150800,264,129,120,66,81
150900,321,87,81,51,36
151000,243,144,126,84,72
151100,348,57,54,18,3
151200,255,126,90,75,66
151300,1011,258,192,39,12
151400,480,180,132,57,45
151500,582,201,150,48,18
151600,312,108,99,69,81
151700,312,42,42,12,3
151800,348,147,144,60,75
151900,573,153,135,60,51
152000,696,204,198,48,6
152100,318,138,114,48,42
152200,510,171,144,33,6
152300,78,15,3,0,0
152400,813,210,210,39,6
152500,348,81,81,24,9
152600,135,69,57,36,39
152800,318,168,129,66,69
152900,471,123,129,39,6
153000,177,72,66,48,39
153100,567,141,117,21,6
153200,117,75,57,30,30
153300,387,183,147,57,45
153400,918,183,240,78,12
153500,222,105,99,87,69
153600,213,75,81,33,33
153700,543,159,171,36,12
153800,804,249,258,48,9
153900,438,111,114,21,0
154000,780,243,153,63,36
154100,480,159,123,51,15
154200,495,228,201,87,78
154300,534,150,171,51,9
154400,216,78,81,60,51
154500,552,108,84,15,3
154700,486,99,114,36,6
154800,621,225,192,69,54
154900,957,273,183,51,18
155000,555,147,237,78,15
155100,261,141,117,78,84
155200,426,159,132,24,6
155300,327,111,102,21,3
155400,531,156,159,36,9
155500,258,39,6,3,3
155600,570,219,159,66,36
155700,261,117,120,72,78
155800,267,153,123,93,96
155900,420,186,144,48,48
156000,51,12,6,3,0
156100,300,138,147,33,6
156200,660,192,171,42,18
156300,423,165,123,45,12
156400,510,141,228,66,6
156500,570,222,153,48,27
156600,285,150,177,36,12
156700,288,147,102,27,18
156800,153,72,66,57,63
156900,462,216,228,54,18
157000,384,126,84,24,15
157100,543,129,138,57,18
157200,165,93,90,57,42
157300,240,126,138,39,9
157400,501,111,132,39,12
157500,390,174,156,60,27
157600,48,6,9,6,3
157700,312,165,150,78,102
157800,363,165,204,69,18
157900,465,183,171,93,48
158000,453,138,90,33,21
158100,444,258,294,90,36
158200,267,156,192,39,12
158300,444,171,144,48,21
158400,378,159,150,84,93
158500,615,231,159,75,21
158600,48,33,39,21,6
158700,258,129,129,66,54
158800,261,132,117,72,87
158900,210,57,78,21,9
159000,390,150,111,33,21
159100,393,165,120,60,39
159200,429,180,159,87,96
159300,612,162,240,57,18
159400,354,72,72,18,9
159500,264,117,117,81,60
159600,390,99,117,39,21
159700,177,99,90,54,48
159800,321,60,81,27,12
159900,231,135,117,75,72
160000,339,135,123,69,81
160100,516,174,144,48,27
160200,396,225,210,102,96
160300,519,144,129,54,27
160400,618,183,144,54,33
160500,315,147,141,84,84
160600,522,171,138,81,75
160700,537,147,123,63,45
160800,372,123,105,45,33
160900,492,177,147,66,48
161000,327,144,114,42,27
161100,774,201,207,54,18
161200,231,96,96,45,51
161300,282,177,135,75,69
161400,540,123,153,45,18
161500,486,90,81,33,18
161600,321,123,87,33,33
161700,9,..,..,..,..
161800,534,99,111,33,12
161900,411,114,96,36,27
162000,336,141,105,39,36
162100,591,276,201,60,30
162200,291,33,30,21,3
162300,258,57,48,27,6
162400,477,108,87,36,15
162500,489,111,111,33,9
162600,201,72,78,24,15
162700,525,69,60,42,15
162800,450,81,60,24,6
162900,294,45,84,36,6
163000,717,225,174,78,48
163100,657,138,132,57,30
163200,765,189,117,51,15
163300,408,132,108,45,27
163400,303,135,144,39,9
163500,465,189,174,96,99
163600,411,135,105,51,42
163700,588,192,174,81,36
163800,429,111,132,54,6
163900,402,147,129,66,51
164000,507,165,150,45,15
164100,27,6,3,6,3
164200,429,108,108,63,45
164300,201,60,48,15,12
164400,666,105,99,48,15
164500,558,114,114,51,18
164600,600,111,117,39,12
164700,267,72,84,24,12
164800,327,108,102,39,15
164900,210,60,48,18,6
165000,288,51,69,36,12
165100,423,72,87,21,9
165200,255,60,69,27,12
165300,903,222,195,90,63
165400,537,78,141,42,12
165500,813,234,234,84,66
165600,234,81,111,36,12
165700,534,93,81,33,9
165800,468,150,141,54,21
165900,576,102,117,45,9
166000,105,12,15,3,3
166100,402,87,81,24,6
166200,219,54,63,24,9
166300,414,87,90,33,12
166400,390,87,111,57,15
3,103809,19941,19872,8271,3672
166500,396,51,36,15,3
166600,6,..,..,..,..
166700,546,45,54,21,6
166900,489,48,51,18,6
167000,459,48,60,15,3
167100,1200,150,144,48,18
167200,567,45,51,9,9
167300,153,9,12,6,0
167400,342,39,39,18,6
167500,135,27,30,6,3
167600,747,72,54,24,6
167700,399,33,21,6,0
167800,945,138,126,45,27
167900,54,9,6,3,0
168000,225,33,39,12,6
168100,504,42,42,12,12
168200,402,21,33,3,3
168300,273,45,42,18,9
168400,132,12,6,6,3
168500,1401,111,135,48,12
168600,273,27,27,12,3
168700,279,51,63,21,9
168800,321,51,84,24,6
168900,393,75,51,33,9
169000,324,54,81,30,24
169100,453,63,75,33,15
169200,1290,159,120,48,33
169300,576,81,75,39,12
169400,516,66,42,27,15
169500,405,54,60,21,9
169600,726,87,60,27,18
169700,645,135,126,72,21
169800,186,45,45,24,12
169900,330,66,60,30,12
170000,573,141,171,69,27
170100,321,69,81,39,9
170200,348,54,75,30,18
170300,342,87,72,42,21
170400,222,36,27,9,6
170500,417,135,153,42,12
170600,312,54,72,33,15
170700,321,69,93,39,15
170800,285,72,54,36,12
170900,450,72,72,51,15
171100,390,66,72,33,15
171200,528,93,93,51,18
171300,216,33,39,15,9
171400,462,132,114,69,69
171500,1029,192,183,81,66
171600,813,150,147,45,18
171700,348,84,111,51,21
171800,525,120,150,51,15
171900,441,99,105,48,18
172000,228,90,72,36,33
172100,486,129,117,63,42
172200,294,93,81,51,33
172300,306,75,75,45,15
172400,435,75,105,60,15
172500,105,15,27,9,3
172600,117,30,21,15,6
172700,135,27,36,18,6
172800,498,120,153,60,15
172900,192,42,45,18,9
173000,279,48,78,51,21
173100,384,81,138,51,18
173200,720,165,237,96,36
173300,420,108,120,60,27
173400,393,78,117,48,9
173500,348,60,81,48,12
173600,312,60,57,27,12
173700,282,66,63,36,15
173800,378,81,87,39,15
173900,1287,189,219,87,24
174000,735,111,117,66,21
174100,765,78,84,45,21
174200,537,69,66,36,21
174300,276,57,48,27,9
174400,273,54,57,30,6
174500,285,72,54,21,9
174600,288,54,57,39,15
174700,231,36,48,36,3
174800,270,45,48,18,12
174900,1011,111,111,45,21
175000,1281,171,183,81,27
175100,165,39,39,18,9
175200,39,6,9,0,3
175300,402,186,237,69,21
175400,117,27,24,9,3
175500,384,156,198,75,18
175600,90,45,60,33,3
175700,366,132,129,45,21
175800,981,159,192,66,18
175900,669,249,369,108,30
176000,498,117,129,45,15
176100,564,204,231,72,24
176200,915,201,249,93,21
176300,24,6,3,0,0
176400,546,153,141,54,27
176500,678,114,99,30,15
176600,543,126,129,33,12
176700,288,93,117,57,12
176800,462,180,129,69,54
176900,531,102,147,54,15
177000,585,147,138,48,18
177100,726,174,177,72,33
177200,837,195,174,75,45
177300,471,105,108,51,36
177400,681,114,108,36,18
177500,396,75,105,39,15
177600,546,96,93,48,9
177700,780,150,141,54,15
177800,543,96,102,48,30
177900,885,228,183,81,48
178000,834,219,141,48,30
178100,912,192,159,78,27
178200,780,195,183,96,51
178300,834,123,51,6,9
178400,354,111,81,48,39
178500,582,174,147,60,27
178600,159,48,24,33,36
178700,651,156,78,24,9
178800,618,195,132,57,48
178900,138,24,18,6,6
179000,60,18,3,0,0
179100,585,135,90,42,36
179200,108,30,36,3,3
179300,846,165,114,33,18
179400,267,18,9,0,0
179500,990,147,96,39,21
179600,816,156,123,48,27
179700,951,150,84,36,12
179800,459,69,45,12,6
179900,909,126,105,27,15
180000,381,87,72,27,24
180100,651,156,111,30,18
180200,921,225,174,63,24
180300,471,132,120,33,27
180400,345,105,111,48,24
180500,432,120,102,39,36
180600,504,126,126,51,12
180700,567,144,153,48,21
180800,468,105,87,39,15
180900,444,117,117,51,27
181000,558,117,102,39,18
181100,723,144,117,48,9
181200,573,153,138,60,15
181300,87,12,18,6,3
181400,306,60,69,39,12
181500,357,63,90,30,15
181600,270,60,69,33,12
181700,249,54,66,21,9
181800,327,54,90,42,3
181900,249,63,72,33,3
182000,159,36,24,15,3
182100,288,48,81,30,18
182200,249,42,72,18,9
182300,141,33,36,27,3
182400,99,21,21,9,3
182500,483,99,120,66,15
182600,285,87,126,45,12
182700,729,105,126,30,9
182800,687,159,144,51,15
182900,240,51,84,30,6
183000,321,72,84,27,9
183100,201,39,36,21,9
183200,366,30,21,6,0
183300,255,45,57,12,9
183400,297,81,63,27,0
183500,492,57,54,24,6
183600,492,87,81,27,15
183700,393,72,108,30,12
183800,540,138,105,39,18
183900,516,90,84,45,9
184000,447,81,78,30,15
184100,135,12,15,6,3
184200,600,96,105,42,24
184300,411,57,66,21,6
184400,492,96,69,36,18
184500,123,12,27,9,3
184600,363,63,78,42,15
184700,84,15,18,9,6
184800,510,105,114,36,15
184900,192,36,30,18,6
185000,171,27,39,18,12
185200,288,30,21,12,12
185300,318,81,72,36,15
185400,222,54,51,33,24
185500,735,114,123,51,30
185600,384,81,93,45,27
185700,240,42,54,30,18
185800,555,108,93,39,24
185900,510,105,105,54,21
186000,1155,165,132,75,39
186100,333,57,69,21,15
186200,465,60,78,33,18
186300,204,33,27,15,3
186400,486,69,72,42,33
186500,480,84,75,39,24
186600,495,108,81,51,33
186700,261,36,24,12,9
186800,603,135,141,54,48
187000,255,33,33,18,6
187100,276,45,45,18,12
187200,264,51,57,33,12
187300,588,126,87,36,39
187400,444,90,72,33,24
187500,291,42,54,30,9
187700,504,108,102,48,27
187800,396,87,84,36,15
187900,453,48,45,18,12
188000,483,81,111,24,9
188200,201,54,66,24,12
188300,459,66,66,30,6
188400,555,78,84,27,3
188500,672,90,105,36,21
188600,102,15,12,3,0
188700,348,81,69,30,21
188800,579,108,81,39,21
188900,591,138,117,45,15
189000,591,87,114,33,15
189100,660,117,144,54,15
189200,594,93,96,27,9
189300,516,120,120,42,15
189400,330,27,30,9,6
189600,159,27,24,15,6
189700,828,132,99,57,33
197800,27,9,6,3,3
201600,378,78,87,42,15
201800,339,81,78,48,21
4,70599,13359,13338,5115,2226
189800,30,6,6,3,0
190100,75,12,6,6,0
190200,801,72,72,27,6
190300,549,63,54,18,9
190400,222,27,24,12,0
190500,903,99,126,39,12
190600,1518,177,174,66,24
190800,36,3,3,3,0
190900,702,117,150,66,24
191000,972,126,126,42,12
191100,177,27,30,15,3
191200,456,87,96,30,15
191300,414,105,93,36,21
191400,387,96,108,33,12
191500,255,36,60,18,6
191600,357,87,78,30,9
191700,504,108,105,48,18
191800,429,66,78,30,12
191900,600,156,138,63,27
192000,513,96,90,48,30
192100,1152,207,204,84,36
192300,261,42,24,18,12
192400,234,30,36,9,3
192500,588,135,153,81,21
192600,765,108,177,45,6
192800,1143,93,84,24,3
192900,633,108,114,33,9
193000,942,81,132,42,15
193100,705,204,225,78,30
193200,1326,183,186,66,18
193300,888,207,210,84,18
193400,654,159,162,45,21
193500,1053,165,204,78,21
193600,600,144,150,54,21
193700,723,126,138,57,9
193800,840,90,48,12,3
193900,105,6,6,3,3
194000,669,120,117,36,12
194100,354,93,96,36,12
194200,198,48,48,30,6
194300,705,132,147,54,15
194400,549,87,57,27,15
194500,24,9,9,3,0
194600,825,216,132,63,42
194700,177,33,30,9,3
194800,1395,216,174,60,18
194900,867,135,126,42,18
195000,96,27,33,9,3
195100,687,192,228,63,15
195200,1008,156,162,39,18
195300,426,120,93,54,45
195400,1092,192,237,72,33
195500,588,144,141,51,12
195600,240,72,96,30,9
195700,156,33,39,12,9
195800,1083,129,99,27,15
195900,741,120,132,30,21
196000,804,153,129,57,27
196100,111,27,30,9,6
196200,1278,141,168,48,18
196300,315,54,78,21,12
196400,837,144,159,51,15
196500,87,24,21,12,6
196600,495,135,177,51,21
196700,504,117,126,48,27
196800,639,147,177,66,15
196900,591,192,210,63,21
197000,600,168,183,72,21
197100,1059,129,150,60,15
197200,528,171,159,57,18
197300,582,171,207,60,15
197400,624,126,153,54,12
197500,621,150,228,75,24
197600,726,159,213,72,24
197700,357,72,72,30,6
197900,336,63,72,21,15
198000,279,48,36,18,0
198100,384,90,75,27,18
198200,345,66,66,33,12
198400,381,60,60,12,9
198500,186,54,42,18,18
198600,330,93,75,54,24
198700,426,78,51,30,6
198800,405,102,69,33,18
198900,336,105,66,33,21
199000,327,108,93,45,39
199100,390,120,129,66,36
199200,594,126,129,39,18
199300,21,6,0,0,0
199400,342,87,72,48,30
199500,357,111,87,45,24
199600,411,90,108,33,24
199700,336,129,87,27,36
199800,240,42,30,6,9
199900,303,81,69,27,9
200000,378,69,72,36,12
200100,144,21,3,0,0
200200,270,93,105,45,18
200300,612,99,57,15,6
200400,210,39,54,24,9
200500,768,117,78,33,18
200600,447,90,114,24,18
200700,411,66,69,33,9
200800,576,93,78,24,9
200900,567,138,147,75,39
201000,282,63,45,27,9
201100,66,12,9,3,3
201200,501,66,48,21,3
201300,201,33,27,6,3
201400,636,117,132,57,36
201500,717,165,192,54,15
201700,438,66,87,30,12
201900,258,39,39,12,3
202000,396,75,69,30,15
202100,252,51,57,21,3
202200,330,69,75,42,12
202300,471,99,87,45,18
202400,231,69,78,24,24
202500,333,90,81,39,18
202600,588,159,153,66,39
202700,924,132,135,42,21
202800,825,168,117,57,30
202900,768,102,90,48,18
203000,381,66,66,12,9
203100,213,66,60,27,24
203200,981,114,132,42,15
203400,282,60,48,33,21
203500,342,69,60,51,42
203600,282,72,60,33,30
203700,777,138,105,60,36
203800,24,0,0,0,0
203900,804,156,120,72,54
204100,405,63,39,15,9
204200,330,60,21,18,15
204300,276,39,42,21,9
204400,684,150,120,75,51
204500,279,39,36,18,9
204600,54,12,0,6,6
258900,12,..,..,..,..
5,9990,2034,1956,966,513
204700,264,63,39,24,30
204800,387,99,78,33,12
204900,213,60,45,27,21
205000,216,39,27,21,9
205100,321,66,48,42,9
205200,378,75,75,42,21
205300,249,57,45,18,12
205400,663,105,132,69,30
205500,441,21,42,9,6
205600,228,48,33,18,6
205700,318,54,57,18,12
205800,462,102,75,36,24
205900,279,60,78,30,18
206000,513,102,72,54,39
206100,471,90,96,42,24
206200,282,60,63,24,3
206300,363,69,87,54,18
206400,516,99,72,33,18
206500,315,66,75,27,12
206600,450,72,90,45,9
206700,534,90,105,36,15
206800,108,9,3,3,0
206900,459,99,93,42,18
207000,525,132,111,75,42
207100,306,120,111,60,48
207200,366,93,96,48,51
207300,357,78,111,36,9
6,39204,7053,7107,2886,1317
189900,12,6,3,0,0
207400,225,48,39,30,15
207600,195,42,30,21,9
207700,174,27,15,12,6
207800,987,168,162,78,63
207900,282,48,33,18,6
208000,423,75,105,27,9
208100,297,54,72,21,9
208200,279,48,90,39,6
208300,582,111,114,45,15
208400,270,39,57,18,9
208500,132,24,27,12,9
208600,177,27,33,12,6
208700,324,45,60,33,15
208800,246,105,90,63,45
208900,33,6,9,0,0
209000,330,135,105,57,51
209100,348,102,105,60,45
209200,354,102,105,69,51
209300,54,12,12,6,3
209400,636,123,126,48,21
209500,360,69,87,36,33
209600,495,87,108,45,15
209700,639,117,108,36,15
209800,522,117,93,63,21
209900,618,141,126,45,24
210000,762,147,108,60,33
210100,48,12,9,6,6
210200,444,66,69,45,12
210300,483,81,72,24,12
210400,252,57,54,21,9
210500,117,24,12,0,0
210600,561,108,126,48,18
210700,603,111,96,27,15
210800,516,108,99,24,6
210900,540,129,138,60,30
211000,609,141,141,60,33
211100,708,96,87,24,12
211200,249,39,51,30,3
211300,501,96,81,24,15
211400,270,60,72,30,24
211500,552,78,69,18,6
211600,177,18,9,3,3
211700,687,75,150,45,6
211800,663,114,123,45,21
211900,804,99,153,57,12
212000,225,33,51,30,6
212100,441,60,72,24,9
212200,276,66,69,27,6
212300,489,87,111,39,15
212400,162,30,33,12,0
212500,360,63,45,15,6
212600,399,39,39,6,6
212800,99,6,3,3,0
212900,417,30,24,6,3
213000,417,72,105,45,9
213100,699,51,90,15,6
213200,744,111,111,39,9
213300,786,129,87,27,9
213400,855,117,123,42,6
213500,498,93,87,33,24
213600,390,81,75,36,15
213700,903,93,90,42,6
213800,411,93,84,27,12
213900,516,99,84,18,9
214000,465,66,72,18,0
214100,384,75,69,27,12
214200,444,93,66,21,9
214300,78,15,9,3,0
214400,582,111,96,27,9
214500,537,108,120,39,6
214600,627,117,117,45,12
214700,456,141,108,36,21
214800,411,78,51,33,21
214900,813,129,129,48,12
215000,774,171,129,57,36
215100,534,159,162,63,33
215200,666,120,123,42,15
215300,474,150,123,69,63
215400,588,99,126,42,15
215500,201,42,48,21,3
215600,567,84,99,54,27
215700,594,84,84,45,18
215800,756,99,81,45,18
215900,618,78,99,60,15
216000,522,69,72,30,12
216100,483,69,84,39,18
7,29802,5352,5427,2223,882
216300,933,192,153,60,27
216400,216,39,36,18,12
216500,321,63,105,42,9
216600,594,84,66,18,9
216700,402,99,87,54,18
216800,621,123,135,57,18
216900,771,93,87,27,6
217000,399,54,30,3,6
217100,342,90,75,36,21
217200,711,87,96,24,9
217300,753,120,105,33,6
217400,1242,195,189,78,27
217500,966,186,174,72,30
217600,594,159,141,60,18
217700,12,3,9,0,3
217800,819,147,147,51,6
217900,579,102,120,36,15
218000,714,150,171,51,24
218100,813,156,132,39,18
218200,156,42,45,18,3
218300,810,144,162,51,18
218400,915,165,186,69,15
218500,1008,183,156,78,45
218600,723,117,141,63,9
218700,834,120,162,57,15
218800,180,36,36,12,3
218900,711,141,117,57,27
219000,372,75,99,33,15
219100,402,99,114,54,12
219200,180,42,27,18,18
219300,369,75,108,45,15
219400,507,81,69,39,12
219500,459,93,123,51,12
219600,942,186,159,72,24
219700,126,21,27,21,9
219800,345,63,78,39,12
219900,141,21,39,9,12
220000,321,60,75,24,12
220100,534,69,81,45,18
220300,627,93,87,39,15
220400,444,93,93,21,15
220500,441,99,93,63,30
220600,249,60,72,33,18
220700,393,63,60,24,12
220800,276,60,63,39,9
220900,375,69,78,39,12
221000,534,99,72,27,24
221100,285,39,51,30,12
221200,186,33,30,18,12
221300,438,69,87,30,9
221400,351,75,81,45,24
221500,138,21,30,12,3
221600,477,90,84,33,12
221700,393,57,57,36,9
221800,492,96,81,33,21
221900,762,117,93,30,27
222000,156,24,39,15,6
222100,567,78,72,33,18
222200,375,48,36,12,9
8,60984,10302,9702,4014,1893
187600,9,0,0,0,0
220200,39,3,3,3,0
222300,291,30,36,12,12
222400,312,39,51,24,9
222500,441,63,51,33,18
222600,447,60,48,24,9
222700,360,60,51,24,18
222800,273,27,42,15,15
222900,291,48,51,24,9
223000,198,36,30,24,21
223100,309,42,42,18,9
223200,114,36,42,12,9
223300,258,42,45,15,6
223400,315,39,69,30,6
223500,345,57,60,27,9
223600,432,78,57,21,15
223700,522,54,63,21,9
223800,396,87,66,42,21
223900,111,15,3,9,0
224000,483,84,84,30,21
224100,342,48,27,15,9
224200,663,84,108,33,9
224300,717,132,105,45,27
224400,489,66,81,18,9
224500,444,63,66,21,6
224600,588,108,84,36,9
224700,36,0,6,3,0
224800,606,108,84,27,21
224900,414,75,72,24,18
225000,327,54,33,21,9
225100,630,96,90,39,18
225200,444,69,51,24,18
225300,663,129,114,48,21
225400,576,51,21,15,3
225500,678,114,105,27,9
225600,366,75,57,33,12
225700,174,21,18,9,0
225800,528,87,72,36,27
225900,645,114,75,33,12
226000,204,21,18,12,3
226100,441,60,72,33,12
226300,285,48,45,30,6
226400,357,42,39,27,18
226500,474,69,72,30,18
226600,261,42,42,21,6
226700,945,96,105,33,33
226800,207,30,39,21,12
226900,537,87,69,48,33
227000,459,72,87,45,15
227100,324,48,72,36,18
227200,477,99,90,42,12
227300,294,57,60,24,9
227400,402,45,42,15,12
227500,498,81,96,45,15
227600,303,48,60,24,12
227700,87,24,42,15,9
227800,273,57,66,33,15
227900,627,159,159,69,27
228000,618,102,90,27,12
228100,750,126,132,45,24
228200,537,54,48,30,12
228300,648,120,108,42,24
228400,261,36,24,21,3
228500,519,99,105,39,15
228600,417,87,78,45,18
228700,345,57,96,45,6
228800,426,84,84,39,6
228900,75,12,15,9,0
229000,630,105,99,39,12
229100,459,90,105,21,6
229200,87,21,18,6,3
229300,693,162,126,45,27
229400,357,69,87,24,15
229500,615,159,99,66,36
229600,840,156,150,45,15
229700,54,12,15,6,0
229800,654,120,108,54,18
229900,516,138,105,60,54
230000,585,90,60,24,9
230100,600,114,105,36,21
230200,573,114,87,45,21
230300,492,165,150,45,24
230400,417,111,150,42,18
230500,780,105,87,36,12
230600,303,45,21,3,3
230700,768,174,159,66,36
230800,828,174,156,54,36
230900,363,72,72,18,6
231000,705,87,48,12,9
231100,447,111,153,51,12
231200,816,132,96,36,15
231300,786,141,183,60,27
231400,483,81,60,18,3
231500,633,123,144,51,21
231600,534,111,60,24,9
231700,648,123,108,21,9
231800,768,162,165,45,21
231900,9,3,3,0,0
232000,489,69,54,18,3
232100,123,78,60,18,9
232200,618,168,189,54,27
232300,456,93,108,24,18
232400,126,30,45,18,9
232500,243,51,75,27,9
232600,147,24,48,9,3
232700,738,144,141,51,12
232800,396,63,63,33,15
232900,330,42,54,27,12
233000,447,66,69,30,21
233100,459,72,51,27,12
233200,624,87,90,39,9
233300,888,141,105,66,39
233400,138,21,27,18,3
233500,138,21,33,18,6
233600,717,102,108,51,30
233700,378,66,66,39,15
233800,186,27,27,18,9
234000,240,33,33,18,6
234100,678,51,45,24,3
234200,384,54,33,30,9
234300,513,84,54,27,24
234400,672,75,66,27,12
234500,261,24,21,6,0
234600,345,87,96,57,18
234700,333,42,42,12,12
234800,624,78,54,30,12
234900,672,111,90,39,21
235000,384,69,45,24,15
235100,480,66,78,33,9
235200,447,36,21,3,6
235300,327,45,42,15,6
235400,378,57,51,21,12
235500,705,84,63,21,18
235600,558,81,42,36,18
235700,405,57,48,21,12
235800,417,78,57,33,33
235900,342,66,45,33,15
236000,279,30,39,12,0
236100,111,21,21,12,3
9,121539,23934,23220,7869,2538
236300,567,75,66,15,9
236400,189,24,21,6,3
236500,978,150,120,60,33
236600,432,63,45,24,3
236700,285,39,36,12,6
236800,1017,141,144,36,9
236900,186,18,27,9,3
237000,954,198,207,75,24
237100,783,87,96,30,6
237200,711,72,69,30,6
237300,813,111,120,42,9
237400,207,30,48,3,3
237500,1047,141,150,51,12
237600,1608,126,129,57,18
237700,216,30,27,12,3
237800,1245,183,150,51,18
237900,336,51,54,18,3
238000,750,141,162,69,12
238100,699,84,102,36,12
238300,657,102,114,48,9
238400,528,102,90,42,12
238500,888,195,207,78,24
238600,465,93,93,27,9
238800,417,96,123,30,12
238900,72,18,24,6,3
239000,573,78,108,42,12
239100,597,126,132,54,27
239200,735,201,162,84,36
239300,366,111,84,54,39
239400,183,45,54,18,6
239500,354,90,93,45,18
239600,453,102,108,51,6
239800,663,111,114,39,9
239900,18,0,3,0,0
240000,498,90,105,42,9
240100,600,168,213,60,12
240200,516,168,162,42,18
240300,399,156,126,63,33
240400,660,132,171,63,21
240500,363,123,96,36,18
240600,792,255,321,78,18
240700,402,141,135,93,75
240800,420,174,177,108,99
240900,315,63,51,18,6
241000,411,159,138,90,78
241100,186,84,54,36,30
241200,159,33,30,9,0
241300,300,114,126,24,9
241400,624,135,111,42,9
241500,786,216,171,48,18
241600,519,156,138,36,15
241700,450,126,111,45,21
241800,804,159,216,60,12
241900,825,132,171,51,18
242000,846,177,114,36,15
242100,639,156,165,45,15
242200,339,48,33,6,3
242300,396,87,129,39,6
242400,738,123,114,39,12
242500,684,138,105,27,9
242600,651,189,177,54,21
242700,222,51,42,12,6
242800,417,96,126,45,12
242900,567,129,96,45,12
243000,141,27,27,6,3
243100,60,15,24,6,3
243200,819,216,264,63,15
243300,327,84,87,27,6
243400,585,174,177,39,12
243500,447,93,132,27,12
243600,588,141,141,39,9
243700,222,51,39,12,3
243800,234,66,69,27,6
243900,93,15,21,3,0
244000,690,138,147,42,6
244100,525,156,117,57,27
244200,606,147,114,36,6
244300,240,54,39,9,3
244400,744,117,102,27,9
244500,417,111,105,33,18
244600,579,174,129,48,30
244700,1125,168,141,45,9
244800,786,126,141,60,9
244900,726,174,162,69,15
245000,741,126,87,42,12
245100,777,165,150,36,9
245200,627,120,99,45,18
245300,447,90,81,21,3
245400,693,180,135,69,33
245500,531,126,120,39,6
245600,708,171,132,39,15
245700,45,3,6,3,0
245800,402,102,69,21,6
245900,450,108,126,60,30
246000,1020,237,204,69,15
246100,738,168,171,57,9
246200,501,135,102,42,30
246300,414,69,78,39,9
246400,501,141,138,60,30
246600,489,156,132,51,30
246700,564,96,99,30,9
246800,147,21,36,9,3
246900,738,192,141,72,30
247000,657,225,201,81,39
247100,378,81,81,45,12
247200,741,108,165,51,6
247300,612,165,168,57,15
247400,549,150,105,42,24
247500,201,45,45,18,3
247600,591,189,162,63,24
247700,672,195,162,48,18
247800,624,171,207,54,12
247900,675,135,126,42,12
248000,414,114,123,39,18
248100,621,255,237,69,21
248200,54,12,12,9,3
248300,690,201,216,57,6
248400,660,183,219,57,9
248500,300,102,123,27,6
248600,639,204,189,48,12
248700,609,186,156,36,18
248800,561,162,162,48,6
248900,678,156,135,33,15
249000,354,108,84,24,9
249100,393,96,108,27,3
249200,417,93,63,27,6
249300,450,111,123,39,6
249400,1008,240,291,78,12
249500,795,234,210,66,21
249600,696,180,210,57,12
249700,813,258,201,57,15
249800,285,105,123,24,3
249900,573,126,153,63,3
250000,606,108,192,57,9
250100,594,114,114,30,6
250200,441,90,129,33,12
250300,876,180,207,78,18
250400,882,261,273,81,12
250500,420,87,114,27,6
250600,732,174,219,66,9
250700,306,30,21,3,0
250800,894,162,171,48,12
250900,1503,147,78,21,3
251000,222,18,15,3,0
251100,582,69,66,27,6
251200,1152,102,78,21,3
251300,321,24,30,12,0
251400,987,45,15,0,0
251500,537,108,99,36,9
251600,1350,63,18,3,0
251700,1143,60,15,0,0
251800,693,51,15,0,0
251900,750,129,135,39,9
252000,1389,81,63,18,6
252100,981,60,30,3,0
252200,405,87,105,21,6
252300,573,33,24,3,0
252400,768,51,27,3,0
252500,1452,138,108,15,6
252600,588,54,51,18,6
252700,402,99,117,33,6
252800,780,186,177,39,6
252900,537,60,48,12,3
253000,990,111,81,15,6
253100,1020,168,180,63,9
253200,297,42,48,12,6
253300,1053,219,159,30,12
253400,414,60,57,18,6
253500,387,81,69,24,6
253600,1014,153,114,36,18
253700,789,129,84,21,6
253800,711,174,198,63,12
253900,315,81,57,18,0
254000,765,159,195,75,18
254100,270,69,81,30,6
254200,507,129,81,36,12
254300,684,138,135,33,9
254400,546,111,90,15,9
254500,276,66,57,15,3
254600,393,81,75,27,6
254700,393,105,84,24,9
254800,642,150,189,63,9
254900,801,180,189,45,12
255000,21,3,0,0,0
255100,798,195,195,75,18
255200,459,126,150,51,12
255300,231,42,30,12,12
255400,279,51,54,30,15
255500,297,48,54,21,6
255600,486,57,57,24,9
255700,636,90,108,45,12
255800,453,69,57,33,9
255900,189,27,30,9,3
256000,456,69,63,39,6
256100,537,93,90,42,12
256200,861,183,147,60,21
256300,756,102,102,39,18
256400,657,90,66,36,9
256500,375,39,60,36,12
256600,264,42,45,24,6
256700,303,72,69,33,30
256800,441,81,84,27,15
256900,828,99,87,39,15
257000,279,39,51,33,12
257100,789,114,117,42,21
257200,213,33,30,24,9
257300,351,51,63,30,9
257400,261,39,45,15,6
257500,744,108,102,36,15
257700,765,84,120,36,9
257800,402,51,57,27,9
257900,555,81,60,21,9
16,13131,2166,2436,795,285
300300,690,96,96,42,12
300500,387,66,60,12,6
300600,411,66,51,21,9
300700,276,48,45,9,9
300800,384,63,72,21,12
300900,447,99,84,45,9
301000,393,63,69,21,12
301100,717,99,102,27,15
301200,483,114,99,39,15
301300,948,90,96,36,12
301500,456,60,84,39,6
301600,768,132,147,51,15
301700,657,90,147,33,9
301800,402,42,51,18,6
302000,30,6,3,0,3
302100,258,45,51,24,6
302200,159,33,33,6,9
302300,537,108,144,45,21
302400,246,24,27,12,3
302500,318,48,60,15,9
302600,435,99,132,48,15
302700,216,42,39,9,6
302800,483,90,102,30,15
302900,663,102,123,36,12
303000,129,18,33,15,0
303100,588,111,114,30,9
303200,453,75,108,33,15
303300,603,150,162,54,15
303400,516,72,66,18,0
303500,78,12,30,15,6
17,13482,2427,2226,798,234
303600,417,96,90,30,6
303700,24,3,0,0,0
303800,321,45,51,18,0
304000,21,3,3,3,0
304100,885,138,90,33,15
304200,546,75,75,21,3
304300,801,138,123,48,3
304400,618,123,120,27,15
304500,633,144,132,45,21
304600,816,138,105,33,12
304700,153,21,18,6,3
304800,993,120,84,33,9
304900,372,90,84,42,12
305000,465,90,93,39,12
305100,927,111,123,45,18
305200,324,84,87,39,12
305300,654,135,129,45,15
305400,585,105,117,30,9
305500,378,75,60,18,6
305600,549,123,105,42,12
305700,18,3,3,0,0
305800,759,105,96,36,12
305900,909,159,138,57,18
306000,705,165,141,42,12
306100,177,27,60,21,3
306200,432,114,111,42,12
18,13224,1854,1899,699,273
306300,576,57,81,24,18
306400,6,..,..,..,..
306500,633,54,42,21,9
306600,492,66,93,33,15
306700,492,45,39,15,3
306800,1041,117,72,30,15
306900,318,51,54,15,18
307000,384,54,78,30,6
307100,573,102,123,60,18
307200,333,33,42,27,3
307300,471,72,90,45,15
307400,249,36,45,18,9
307500,870,141,135,45,12
307600,750,93,93,33,18
307700,453,72,75,24,9
307800,765,105,117,36,15
307900,318,54,36,12,9
308000,585,117,84,33,12
308100,732,93,96,24,21
308200,774,132,93,39,12
308300,717,105,126,42,9
308400,831,120,123,42,12
308500,90,15,33,6,3
308600,774,120,129,51,12
12,9576,1320,1200,411,162
309000,261,27,21,6,3
309200,630,75,75,24,15
309300,336,42,57,18,9
309400,858,117,81,39,9
309500,336,30,30,6,3
309600,159,24,12,6,3
309700,276,33,27,15,6
309800,345,42,30,15,0
309900,297,36,33,15,3
310000,372,54,48,15,6
310100,450,78,75,21,12
310200,267,54,27,9,3
310300,309,33,27,12,0
310400,372,45,36,12,6
310500,336,60,63,15,12
310600,297,45,51,9,6
310700,345,57,69,21,9
310800,192,36,27,9,3
310900,243,42,33,12,3
311000,192,24,33,9,3
311100,129,12,18,9,3
311200,99,6,6,3,0
311300,306,33,24,6,0
311400,390,45,51,12,3
311500,951,147,105,36,15
311700,384,48,60,27,12
311800,147,15,18,6,3
311900,171,24,27,12,6
312000,126,27,33,21,12
13,151179,27351,27471,9210,2847
308800,378,51,75,27,9
308900,648,69,60,24,9
312100,69,9,9,3,0
312200,540,90,99,48,21
312300,264,36,33,9,6
312400,405,57,63,30,6
312500,384,36,60,15,15
312600,150,21,30,15,6
312700,327,51,51,27,3
312800,639,90,120,30,12
312900,621,60,75,51,9
313000,147,33,42,12,3
313100,267,54,48,18,9
313200,612,75,96,39,24
313300,519,81,99,54,18
313400,459,84,117,39,15
313500,369,84,96,36,15
313600,318,51,81,30,12
313700,492,66,120,36,18
313800,282,57,69,33,3
313900,600,72,87,30,12
314000,759,108,120,45,15
314100,360,84,81,27,15
314200,561,99,75,21,9
314300,276,60,75,36,6
314400,12,0,0,0,0
314500,579,117,111,42,18
314600,816,159,123,39,12
314700,378,72,84,33,6
314800,588,126,210,81,18
314900,588,102,114,24,18
315000,180,39,30,15,6
315100,198,39,60,18,3
315200,204,51,42,9,6
315300,639,135,126,57,12
315400,555,126,159,66,12
315500,306,51,69,27,6
315600,273,36,42,12,6
315700,531,84,111,33,15
315800,267,45,24,6,0
315900,762,195,174,51,9
316000,312,51,66,15,6
316100,654,96,84,33,6
316200,504,84,90,24,6
316300,132,0,6,3,3
316400,42,6,6,6,3
316500,69,12,18,3,6
316600,366,57,75,21,12
316700,42,3,0,0,3
316800,192,27,27,9,6
316900,501,90,87,33,9
317000,357,48,54,30,0
317100,150,36,30,18,3
317200,324,42,39,18,6
317300,609,126,96,33,9
317400,963,147,198,39,9
317500,288,45,36,12,3
317600,243,39,63,21,6
317700,633,129,105,39,15
317800,1098,204,189,60,30
317900,1038,216,210,57,15
318000,738,120,150,42,24
318100,468,87,93,24,6
318200,243,51,42,18,3
318300,663,159,186,54,15
318400,174,27,24,15,6
318500,351,87,69,15,0
318600,627,135,156,48,9
318700,642,111,102,51,18
318800,519,102,105,33,21
318900,477,60,84,27,9
319000,540,108,96,30,12
319100,105,9,3,3,0
319200,750,174,165,66,24
319300,759,165,144,57,30
319400,507,99,60,24,9
319500,594,111,141,45,12
319600,876,159,132,54,15
319700,807,150,144,51,15
319800,366,63,42,12,3
319900,702,168,171,66,18
320000,45,6,3,0,0
320100,780,123,150,36,6
320200,816,165,150,51,15
320300,591,129,108,39,9
320400,36,6,0,0,0
320500,681,138,123,30,9
320600,711,144,129,57,6
320700,732,126,117,24,9
320800,723,138,114,51,15
320900,639,99,123,33,6
321000,1020,177,129,45,15
321100,1158,222,198,51,18
321200,294,36,24,3,3
321300,708,144,192,45,6
321400,786,168,207,63,15
321500,504,102,78,45,9
321600,489,126,192,51,9
321700,798,135,141,42,12
321800,741,84,57,18,12
321900,489,120,105,30,6
322000,318,66,45,18,15
322100,540,123,177,51,9
322200,708,114,156,51,9
322300,93,18,12,6,0
322400,639,102,102,33,6
322500,189,33,18,3,0
322600,519,96,105,48,3
322700,567,81,84,18,9
322800,282,81,72,15,0
322900,240,45,45,6,3
323000,936,129,117,39,6
323100,846,216,207,57,24
323200,360,48,54,15,3
323300,729,135,66,30,15
323400,918,228,189,69,30
323500,66,0,0,0,0
323600,219,99,75,12,3
323700,726,192,222,66,21
323800,711,105,96,18,3
323900,918,111,75,21,3
324000,567,111,123,39,9
324100,159,39,36,6,0
324200,15,0,0,0,0
324300,594,123,120,30,9
324400,888,177,114,18,6
324500,771,213,201,42,9
324600,669,129,114,30,12
324700,108,36,30,9,0
324800,1026,123,75,21,6
325000,765,138,129,27,12
325100,912,198,210,81,27
325200,297,39,15,3,3
325300,1443,216,99,21,9
325400,759,174,210,66,12
325500,12,0,0,0,0
325600,825,153,150,57,24
325700,387,30,12,3,0
325800,960,96,36,6,0
325900,573,129,96,30,12
326000,291,60,78,27,9
326100,594,81,57,21,9
326200,24,3,6,3,0
326300,792,177,186,51,18
326500,630,117,93,36,18
326600,18,3,0,0,0
326700,609,144,144,42,39
326800,732,111,42,9,3
326900,900,156,117,30,12
327000,663,60,39,6,3
327100,138,12,3,0,3
327200,1086,222,201,69,15
327300,411,81,135,39,12
327400,882,141,93,21,9
327500,588,117,108,36,18
327600,1053,198,180,39,18
327700,783,174,159,54,18
327800,471,78,57,24,15
327900,1560,246,138,30,9
328000,609,114,135,54,9
328100,39,9,0,3,0
328200,696,105,93,30,18
328300,768,129,108,51,15
328400,663,132,123,36,18
328500,690,105,108,30,15
328600,777,219,168,93,48
328700,546,51,21,6,6
328800,48,9,3,3,3
328900,1179,207,129,33,6
329000,216,36,51,9,0
329100,939,198,240,66,12
329200,834,129,135,48,9
329300,504,111,78,33,24
329400,588,102,75,21,3
329500,537,108,126,30,12
329600,462,66,33,9,6
329700,840,141,84,27,6
329800,555,153,93,39,18
329900,612,123,66,18,6
330000,519,87,114,42,9
330100,873,171,141,45,21
330200,996,174,159,42,12
330300,741,129,162,54,9
330400,693,135,147,45,27
330500,618,129,102,30,15
330600,549,117,162,45,3
330700,18,3,0,0,0
330800,741,153,138,45,15
330900,351,60,63,12,6
331000,294,75,57,18,3
331100,903,162,123,39,12
331200,561,105,126,30,6
331300,837,141,201,66,9
331400,570,123,120,36,9
331500,168,18,15,6,0
331600,12,3,6,0,0
331700,834,177,171,54,18
331800,270,42,42,18,12
331900,582,108,132,27,3
332000,1029,135,168,48,9
332100,609,90,90,18,3
332200,216,45,51,9,3
332400,444,57,72,30,6
332500,885,165,132,39,3
332700,837,183,228,54,9
332800,57,9,12,6,0
332900,459,69,78,15,3
333100,321,48,57,24,3
333200,177,18,21,12,3
333300,258,9,18,6,3
333500,228,15,12,6,0
333600,63,3,3,3,0
333700,264,57,72,18,6
333800,246,54,60,27,9
333900,309,51,54,18,9
334000,702,132,126,51,15
334100,288,60,81,21,3
334200,360,81,84,42,6
334300,210,39,42,18,3
334400,381,51,78,27,12
334500,711,114,156,69,18
334600,354,102,147,51,12
334700,126,54,45,18,0
334900,558,249,267,78,27
335000,447,81,114,39,15
335100,531,180,237,78,12
335200,714,252,336,96,24
335300,384,129,225,87,18
335400,567,111,108,63,18
335500,561,207,210,48,9
335600,411,75,99,33,12
335700,804,210,354,87,18
335800,351,51,60,15,12
335900,366,57,81,33,6
336000,579,126,165,30,9
336100,684,186,234,75,18
336200,516,108,120,48,15
336300,207,48,69,39,6
336400,159,30,21,12,0
336600,21,3,6,0,0
336700,282,69,78,48,6
336800,501,105,117,51,12
336900,480,90,90,27,9
337000,324,72,81,39,21
337100,537,105,117,60,21
337200,360,69,78,36,18
337300,384,54,93,30,6
337400,735,93,114,39,6
337500,534,96,111,33,21
337600,402,60,54,30,9
337700,261,36,48,15,9
337800,618,81,87,27,9
337900,351,60,48,18,6
338000,51,3,6,3,0
338100,354,39,24,12,0
338200,597,114,105,36,15
338300,579,60,57,24,12
338400,525,102,84,30,24
338500,786,123,111,63,24
338600,42,3,6,3,0
338700,363,42,54,42,9
338800,258,45,51,27,6
338900,867,90,135,42,18
339000,516,51,57,30,15
339100,465,69,78,42,9
339200,396,48,60,36,6
339300,735,81,84,30,9
339400,342,66,66,33,9
339500,324,42,57,21,6
339600,690,93,96,42,15
339700,450,45,72,24,6
339800,303,36,42,15,6
339900,435,72,69,30,12
340000,678,93,120,36,3
340100,492,81,105,24,6
340200,465,69,63,33,6
340300,486,99,90,30,12
340400,693,120,87,36,9
340500,339,63,66,24,6
340600,681,81,75,27,12
340700,849,129,114,39,15
340800,717,99,78,30,6
341000,621,120,111,27,9
341100,129,15,12,3,3
341200,87,9,6,3,3
341300,765,120,84,30,18
341400,468,78,57,18,0
341500,252,36,27,6,6
341800,438,66,60,15,0
341900,309,51,63,36,15
342000,282,33,30,18,3
342100,222,30,39,21,3
342200,183,27,30,21,9
342300,159,27,30,18,3
342400,297,33,39,15,9
342500,204,12,12,3,3
342600,282,63,39,21,9
342700,471,60,33,21,6
342800,621,63,39,18,6
343100,240,18,21,9,0
343300,285,30,45,18,6
14,59949,9183,9285,3231,1002
343400,411,84,96,51,12
343500,312,54,69,27,18
343600,429,51,45,27,6
343700,561,72,78,36,9
343800,282,42,54,18,6
343900,741,87,78,30,27
344000,813,132,105,54,30
344100,399,42,42,24,6
344200,507,66,45,21,18
344300,477,48,45,24,3
344400,111,12,0,3,0
344500,726,96,81,33,18
344700,333,33,39,12,6
344800,627,81,105,33,9
344900,741,144,144,51,15
345000,699,102,123,30,6
345100,315,33,54,18,9
345200,174,30,15,12,6
345300,426,48,78,27,12
345400,414,39,39,15,3
345500,846,99,129,51,12
345600,894,81,102,39,12
345700,513,60,66,21,12
345800,573,51,51,27,12
345900,96,15,15,6,0
346000,123,21,9,6,0
346200,183,36,39,9,0
346400,165,21,24,12,0
346600,537,72,93,33,6
346700,489,111,141,36,6
346800,504,57,57,15,3
346900,381,102,147,30,6
347000,393,39,30,15,0
347100,285,42,75,21,9
347200,219,69,87,24,9
347300,108,12,18,3,0
347400,192,60,63,21,3
347500,300,51,69,27,3
347700,300,33,15,9,0
347800,636,81,84,12,3
347900,606,132,159,63,3
348000,129,30,48,15,3
348100,198,21,9,0,0
348200,351,36,24,3,3
348300,459,63,45,3,3
348400,711,117,87,21,3
348500,90,9,15,6,0
348600,306,48,51,9,3
348700,306,117,153,30,9
348800,237,105,156,48,12
348900,150,39,87,21,3
349000,174,21,24,18,6
349100,447,72,57,27,12
349200,432,45,39,18,3
349300,552,111,126,57,12
349400,357,63,66,27,15
349600,531,93,87,36,12
349700,762,90,111,36,6
349800,939,90,93,36,9
349900,975,111,96,27,9
350000,933,126,120,42,21
350100,204,45,39,21,3
350200,288,45,60,24,3
350300,513,90,123,45,9
350400,420,111,90,27,6
350500,300,63,63,18,6
350600,312,51,51,18,9
350700,597,132,135,36,15
350900,537,129,132,45,21
351000,1161,222,201,72,18
351100,702,162,165,45,12
351200,402,81,84,12,3
351300,618,102,93,30,21
351400,294,48,63,15,9
351500,651,96,102,48,9
351600,810,120,141,42,9
351700,447,84,72,18,3
351800,399,69,72,27,9
351900,375,57,63,15,6
352000,612,48,42,12,0
352100,579,99,123,33,15
352200,825,15,6,0,0
352300,507,120,96,27,12
352400,396,3,3,0,0
352500,246,66,84,27,6
352600,636,141,96,45,12
352700,456,69,63,15,6
352800,456,27,12,0,0
352900,456,60,30,9,3
353000,330,66,48,27,3
353100,315,12,3,3,0
353200,405,3,6,0,0
353300,840,141,108,30,15
353400,552,27,12,3,3
353500,600,129,108,33,9
353600,537,99,78,24,6
353700,15,0,0,0,0
353800,537,51,36,3,6
353900,276,36,27,15,0
354000,357,75,87,24,9
354100,348,102,75,27,12
354200,786,93,66,24,12
354300,30,3,3,0,0
354400,519,69,87,24,9
354500,522,96,93,30,15
354600,387,69,48,24,12
354700,1014,96,69,21,9
354800,612,87,126,36,9
354900,732,126,111,45,9
355000,417,69,96,24,6
355100,348,51,57,12,3
355200,837,153,144,42,15
355300,426,75,66,24,9
355400,396,78,102,30,3
355500,804,123,81,36,18
355600,588,117,126,45,9
355700,480,108,111,30,9
355800,606,87,114,60,21
355900,366,39,57,15,9
356000,297,60,48,36,9
356100,342,66,84,45,12
356200,531,75,84,42,15
356300,441,42,42,27,6
356400,597,99,84,39,18
356500,783,126,84,42,12
356600,486,72,51,24,9
356700,126,18,21,9,3
356800,306,57,39,21,9
15,26334,4317,4449,1818,612
357300,219,33,36,12,6
357500,690,117,93,42,9
357600,165,21,30,6,6
357700,297,48,66,24,6
357900,543,78,84,42,15
358000,381,66,66,30,12
358100,372,51,60,36,12
358200,318,51,60,42,9
358300,471,84,111,54,21
358400,687,114,141,75,21
358500,240,51,60,33,12
358600,756,81,108,48,9
358700,237,72,54,33,9
358800,531,63,48,21,9
358900,288,45,66,21,6
359000,243,45,63,33,6
359100,543,108,126,48,18
359300,168,9,15,6,0
359400,213,39,63,24,12
359500,546,93,99,57,15
359600,378,54,81,42,12
359700,312,48,57,36,12
359800,513,66,72,27,9
359900,807,102,123,54,15
360000,399,75,69,24,6
360100,84,9,3,0,0
360200,498,42,33,18,3
360300,171,24,27,9,3
360400,465,66,63,27,18
360500,384,66,81,30,6
360600,921,183,201,69,18
360700,729,93,120,24,6
360800,231,45,69,24,12
360900,690,126,192,75,15
361000,375,33,18,6,6
361100,645,114,120,45,6
361200,513,84,105,33,9
361300,402,69,42,21,3
361400,483,132,120,42,6
361500,1101,141,135,45,12
361600,1077,165,147,42,21
361700,729,120,117,51,21
361900,477,84,78,24,18
362000,564,84,51,12,12
362100,576,102,81,30,15
362200,546,99,72,33,18
362300,351,57,69,24,18
362400,732,147,123,48,15
362500,693,102,75,36,18
362600,297,60,60,15,9
362700,303,69,81,27,6
362800,312,66,60,36,12
362900,588,105,105,36,12
363000,351,102,63,24,6
363100,159,39,24,9,3
363300,573,72,72,21,12
77,1057278,213894,206706,74325,30192
99,177,33,24,9,0
343000,177,33,24,9,0
